,year,week,SMN,SMT,VCI,TCI,VHI,ind
0,1981,36,0.25,288.41,27.11,81.85,54.48,12
1,1981,37,0.255,289.08,37.5,61.39,49.45,12
2,1981,38,0.259,289.31,50.06,36.83,43.45,12
3,1981,39,0.259,288.81,62.15,17.84,39.99,12
4,1981,40,0.255,287.54,71.22,11.31,41.27,12
5,1981,41,0.243,285.28,75.25,13.06,44.16,12
6,1981,42,0.223,282.3,74.69,25.84,50.27,12
7,1981,43,0.196,278.96,70.79,38.09,54.44,12
8,1981,44,0.161,275.58,61.87,39.46,50.66,12
9,1981,45,0.126,272.3,52.1,44.65,48.38,12
10,1981,46,0.10300000000000001,269.32,49.69,46.03,47.86,12
11,1981,47,0.08800000000000001,266.63,49.78,42.92,46.35,12
12,1981,48,0.078,265.02,50.35,40.76,45.55,12
13,1981,49,0.07,263.51,47.81,41.76,44.78,12
14,1981,50,0.066,261.85,47.41,46.72,47.06,12
15,1981,51,0.063,260.2,47.44,49.9,48.67,12
16,1981,52,0.062,259.88,46.55,47.22,46.88,12
17,1982,1,0.064,260.95,50.71,39.0,44.85,12
18,1982,2,0.07,263.49,52.53,29.38,40.95,12
19,1982,3,0.07200000000000001,264.57,52.47,26.57,39.52,12
20,1982,4,0.071,265.28,52.44,26.35,39.39,12
21,1982,5,0.067,265.03,48.5,34.18,41.34,12
22,1982,6,0.064,265.46,43.23,38.49,40.86,12
23,1982,7,0.063,266.45,37.27,41.08,39.17,12
24,1982,8,0.064,268.02,33.25,42.39,37.82,12
25,1982,9,0.066,270.08,30.39,42.23,36.31,12
26,1982,10,0.07,272.07,27.82,44.18,36.0,12
27,1982,11,0.08,274.02,28.57,43.39,35.98,12
28,1982,12,0.09,275.94,29.15,49.42,39.29,12
29,1982,13,0.094,277.41,26.53,57.3,41.91,12
30,1982,14,0.10099999999999999,278.68,24.59,65.62,45.1,12
31,1982,15,0.111,279.91,20.34,77.34,48.84,12
32,1982,16,0.13,281.55,18.55,86.04,52.3,12
33,1982,17,0.155,283.73,20.05,87.65,53.85,12
34,1982,18,0.2,287.14,29.12,79.05,54.09,12
35,1982,19,0.245,289.95,37.66,68.74,53.2,12
36,1982,20,0.27699999999999997,291.63,39.9,64.77,52.34,12
37,1982,21,0.298,292.29,40.48,66.85,53.67,12
38,1982,22,0.311,292.69,40.93,68.66,54.8,12
39,1982,23,0.319,293.02,41.09,69.41,55.25,12
40,1982,24,0.32,293.13,38.06,73.07,55.56,12
41,1982,25,0.319,293.19,34.65,78.27,56.46,12
42,1982,26,0.316,293.18,31.2,80.79,56.0,12
43,1982,27,0.319,293.5,31.66,77.85,54.76,12
44,1982,28,0.327,293.92,37.8,73.91,55.86,12
45,1982,29,0.332,294.22,44.3,73.79,59.04,12
46,1982,30,0.332,294.33,49.8,73.49,61.65,12
47,1982,31,0.332,294.55,53.3,69.71,61.51,12
48,1982,32,0.32799999999999996,294.58,53.26,65.34,59.3,12
49,1982,33,0.326,294.31,54.21,59.29,56.75,12
50,1982,34,0.324,294.0,56.8,51.04,53.92,12
51,1982,35,0.32299999999999995,293.4,61.61,42.51,52.06,12
52,1982,36,0.319,292.5,66.32,34.84,50.58,12
53,1982,37,0.304,291.26,67.53,33.79,50.66,12
54,1982,38,0.289,289.57,69.68,33.73,51.7,12
55,1982,39,0.265,287.77,68.03,32.23,50.13,12
56,1982,40,0.235,286.07,63.68,29.66,46.67,12
57,1982,41,0.201,284.26,54.68,25.09,39.89,12
58,1982,42,0.171,282.55,41.73,24.17,32.95,12
59,1982,43,0.147,280.52,38.49,23.9,31.19,12
60,1982,44,0.128,278.77,37.93,13.11,25.52,12
61,1982,45,0.10800000000000001,276.78,35.89,12.02,23.95,12
62,1982,46,0.095,274.24,39.44,13.87,26.65,12
63,1982,47,0.08199999999999999,271.71,41.2,14.83,28.02,12
64,1982,48,0.071,268.73,40.36,22.24,31.3,12
65,1982,49,0.06,265.4,35.6,33.07,34.33,12
66,1982,50,0.053,262.22,31.38,45.57,38.48,12
67,1982,51,0.053,260.09,33.44,50.81,42.13,12
68,1982,52,0.052000000000000005,259.06,33.09,51.32,42.2,12
69,1983,1,0.052000000000000005,258.78,33.67,49.72,41.7,12
70,1983,2,0.053,258.53,31.42,52.62,42.02,12
71,1983,3,0.053,258.08,31.26,57.24,44.25,12
72,1983,4,0.055,257.65,35.0,61.63,48.32,12
73,1983,5,0.057,257.58,36.26,67.73,51.99,12
74,1983,6,0.055,257.86,32.34,72.04,52.19,12
75,1983,7,0.055,259.38,29.62,71.78,50.7,12
76,1983,8,0.057,262.17,28.02,68.43,48.23,12
77,1983,9,0.061,265.05,27.49,65.25,46.37,12
78,1983,10,0.068,268.04,26.79,63.73,45.26,12
79,1983,11,0.073,270.94,25.36,59.42,42.39,12
80,1983,12,0.08199999999999999,274.37,26.06,57.85,41.95,12
81,1983,13,0.098,277.91,30.28,54.32,42.3,12
82,1983,14,0.115,281.17,35.62,48.45,42.03,12
83,1983,15,0.138,284.16,39.95,42.29,41.12,12
84,1983,16,0.16399999999999998,286.4,41.32,42.67,42.0,12
85,1983,17,0.195,288.96,44.1,37.17,40.63,12
86,1983,18,0.225,291.14,44.23,36.83,40.53,12
87,1983,19,0.253,292.48,43.79,40.92,42.35,12
88,1983,20,0.27699999999999997,293.67,41.46,42.55,42.01,12
89,1983,21,0.294,294.48,39.44,43.76,41.6,12
90,1983,22,0.312,295.07,41.8,44.43,43.12,12
91,1983,23,0.32,294.97,42.02,50.0,46.01,12
92,1983,24,0.32,294.51,38.53,59.02,48.78,12
93,1983,25,0.321,294.37,36.19,65.63,50.91,12
94,1983,26,0.324,294.26,35.27,68.96,52.11,12
95,1983,27,0.322,294.18,32.48,69.85,51.17,12
96,1983,28,0.309,293.72,25.92,74.93,50.42,12
97,1983,29,0.28600000000000003,293.3,16.65,81.02,48.84,12
98,1983,30,0.263,292.96,10.42,83.68,47.05,12
99,1983,31,0.26,292.82,12.16,83.45,47.81,12
100,1983,32,0.272,292.91,20.0,80.05,50.03,12
101,1983,33,0.29100000000000004,293.03,33.29,72.38,52.84,12
102,1983,34,0.298,293.18,41.81,60.46,51.13,12
103,1983,35,0.304,293.47,51.05,40.79,45.92,12
104,1983,36,0.294,292.33,52.97,36.77,44.87,12
105,1983,37,0.275,291.12,52.12,35.53,43.82,12
106,1983,38,0.255,289.51,50.61,34.21,42.41,12
107,1983,39,0.23199999999999998,287.21,48.68,39.33,44.0,12
108,1983,40,0.21100000000000002,285.65,49.14,34.47,41.81,12
109,1983,41,0.18600000000000003,283.09,45.93,40.36,43.14,12
110,1983,42,0.161,279.87,36.9,54.28,45.59,12
111,1983,43,0.134,276.75,30.85,58.94,44.89,12
112,1983,44,0.10800000000000001,273.07,24.89,59.93,42.41,12
113,1983,45,0.09,269.65,23.1,63.25,43.17,12
114,1983,46,0.075,267.21,22.83,59.33,41.08,12
115,1983,47,0.066,264.6,26.18,54.67,40.42,12
116,1983,48,0.063,263.0,32.54,52.97,42.75,12
117,1983,49,0.057,261.43,32.16,53.45,42.81,12
118,1983,50,0.055999999999999994,260.23,34.69,55.86,45.28,12
119,1983,51,0.053,258.83,33.78,56.96,45.37,12
120,1983,52,0.05,257.95,31.6,56.35,43.98,12
121,1984,1,0.05,258.91,30.42,48.58,39.5,12
122,1984,2,0.049,259.66,27.67,46.95,37.31,12
123,1984,3,0.05,259.47,27.91,51.28,39.59,12
124,1984,4,0.05,259.21,28.92,55.81,42.36,12
125,1984,5,0.05,259.24,28.24,61.17,44.7,12
126,1984,6,0.049,259.03,25.82,67.49,46.65,12
127,1984,7,0.048,259.36,23.18,72.91,48.05,12
128,1984,8,0.049,259.49,21.75,81.31,51.53,12
129,1984,9,0.05,260.99,19.84,84.81,52.33,12
130,1984,10,0.055,264.0,18.69,83.58,51.13,12
131,1984,11,0.061,267.5,18.29,77.82,48.06,12
132,1984,12,0.07,271.5,18.81,73.46,46.14,12
133,1984,13,0.08199999999999999,276.37,20.36,62.71,41.54,12
134,1984,14,0.095,280.73,22.27,50.03,36.15,12
135,1984,15,0.11199999999999999,283.98,23.46,43.21,33.33,12
136,1984,16,0.132,286.07,22.25,46.11,34.18,12
137,1984,17,0.154,288.0,21.03,47.14,34.08,12
138,1984,18,0.17800000000000002,289.66,18.26,52.06,35.16,12
139,1984,19,0.20600000000000002,291.01,16.61,55.96,36.29,12
140,1984,20,0.23399999999999999,291.87,16.79,60.69,38.74,12
141,1984,21,0.262,292.33,20.6,65.1,42.85,12
142,1984,22,0.278,292.2,21.73,72.72,47.23,12
143,1984,23,0.29,291.95,23.21,79.54,51.38,12
144,1984,24,0.299,291.9,24.16,84.52,54.34,12
145,1984,25,0.309,292.17,26.93,86.58,56.75,12
146,1984,26,0.313,292.22,28.25,88.12,58.18,12
147,1984,27,0.319,292.44,30.23,86.23,58.23,12
148,1984,28,0.321,292.67,33.06,84.42,58.74,12
149,1984,29,0.324,293.21,38.53,81.59,60.06,12
150,1984,30,0.32299999999999995,293.72,44.48,77.08,60.78,12
151,1984,31,0.311,293.42,41.68,78.76,60.22,12
152,1984,32,0.303,293.24,38.55,77.94,58.25,12
153,1984,33,0.294,292.86,35.27,75.4,55.33,12
154,1984,34,0.27899999999999997,291.84,30.86,77.78,54.32,12
155,1984,35,0.255,290.19,23.83,83.96,53.89,12
156,1984,36,0.22699999999999998,288.41,17.05,88.49,52.77,12
157,1984,37,0.204,287.3,13.04,87.1,50.07,12
158,1984,38,0.182,285.74,9.11,87.0,48.05,12
159,1984,39,0.157,283.82,4.77,87.14,45.96,12
160,1984,40,0.139,281.77,3.47,88.97,46.22,12
161,1984,41,0.124,279.41,3.64,88.5,46.07,12
162,1984,42,0.113,277.95,5.56,77.15,41.35,12
163,1984,43,0.1,275.88,8.41,68.11,38.26,12
164,1984,44,0.083,273.29,7.95,60.45,34.2,12
165,1984,45,0.07200000000000001,270.6,9.37,58.16,33.76,12
166,1984,46,0.06,268.32,10.4,52.98,31.69,12
167,1984,47,0.052000000000000005,267.14,13.72,40.22,26.97,12
168,1984,48,0.048,266.84,18.08,31.92,25.0,12
169,1984,49,0.046,267.48,21.77,23.44,22.61,12
170,1985,9,0.061,268.54,23.92,44.28,34.1,12
171,1985,10,0.062,268.96,20.67,55.05,37.86,12
172,1985,11,0.066,270.73,19.21,56.94,38.07,12
173,1985,12,0.075,273.59,19.49,59.14,39.32,12
174,1985,13,0.09,277.54,22.22,54.9,38.56,12
175,1985,14,0.109,281.27,28.2,46.79,37.49,12
176,1985,15,0.131,284.25,32.93,41.73,37.33,12
177,1985,16,0.155,286.52,33.82,42.65,38.23,12
178,1985,17,0.182,288.58,34.81,42.57,38.69,12
179,1985,18,0.203,290.18,30.7,48.35,39.53,12
180,1985,19,0.23,291.76,29.09,50.0,39.54,12
181,1985,20,0.25,292.8,24.99,53.13,39.06,12
182,1985,21,0.268,293.36,23.02,55.85,39.44,12
183,1985,22,0.27899999999999997,293.73,21.08,58.23,39.65,12
184,1985,23,0.284,293.37,19.35,66.12,42.73,12
185,1985,24,0.287,292.91,18.22,75.15,46.68,12
186,1985,25,0.293,293.14,19.99,77.78,48.88,12
187,1985,26,0.301,293.39,22.41,77.82,50.12,12
188,1985,27,0.309,293.76,25.65,74.87,50.26,12
189,1985,28,0.312,293.88,28.42,74.6,51.51,12
190,1985,29,0.318,294.44,35.05,71.87,53.46,12
191,1985,30,0.325,295.23,44.29,64.71,54.5,12
192,1985,31,0.33299999999999996,296.1,51.44,53.94,52.69,12
193,1985,32,0.341,296.76,57.35,41.89,49.62,12
194,1985,33,0.336,297.01,57.27,26.93,42.1,12
195,1985,34,0.322,296.73,53.29,15.52,34.4,12
196,1985,35,0.306,295.86,49.85,10.3,30.07,12
197,1985,36,0.28600000000000003,294.06,46.48,13.91,30.19,12
198,1985,37,0.264,292.16,43.47,20.92,32.19,12
199,1985,38,0.23800000000000002,290.3,39.06,22.74,30.9,12
200,1985,39,0.214,288.0,36.94,28.15,32.55,12
201,1985,40,0.18899999999999997,285.23,34.02,40.81,37.41,12
202,1985,41,0.16899999999999998,282.51,32.51,48.43,40.47,12
203,1985,42,0.149,280.26,26.49,50.35,38.42,12
204,1985,43,0.134,278.02,27.82,47.44,37.63,12
205,1985,44,0.11900000000000001,275.21,30.56,42.63,36.6,12
206,1985,45,0.102,271.86,30.19,47.94,39.07,12
207,1985,46,0.076,268.04,22.13,54.95,38.54,12
208,1985,47,0.054000000000000006,265.13,13.18,51.78,32.49,12
209,1985,48,0.043,261.99,10.88,56.91,33.9,12
210,1985,49,0.039,259.17,12.93,63.08,38.0,12
211,1985,50,0.036000000000000004,256.95,13.53,70.59,42.06,12
212,1985,51,0.033,254.87,12.2,73.84,43.02,12
213,1985,52,0.031,253.14,12.09,76.27,44.18,12
214,1986,1,0.031,252.59,11.33,77.26,44.3,12
215,1986,2,0.033,254.0,15.46,74.24,44.85,12
216,1986,3,0.034,256.05,18.72,69.06,43.89,12
217,1986,4,0.035,257.4,22.39,65.36,43.88,12
218,1986,5,0.036000000000000004,257.9,26.04,68.03,47.03,12
219,1986,6,0.037000000000000005,258.98,25.73,69.09,47.41,12
220,1986,7,0.036000000000000004,261.15,22.92,66.73,44.83,12
221,1986,8,0.037000000000000005,263.71,19.82,63.55,41.68,12
222,1986,9,0.039,266.28,17.3,61.62,39.46,12
223,1986,10,0.042,269.2,13.85,59.71,36.78,12
224,1986,11,0.048,272.9,12.96,50.34,31.65,12
225,1986,12,0.057999999999999996,276.73,12.64,45.05,28.84,12
226,1986,13,0.07200000000000001,280.0,13.67,41.16,27.42,12
227,1986,14,0.095,283.53,20.66,30.9,25.78,12
228,1986,15,0.12300000000000001,286.9,27.97,19.42,23.7,12
229,1986,16,0.155,289.45,33.67,15.66,24.67,12
230,1986,17,0.196,291.66,42.37,12.12,27.24,12
231,1986,18,0.243,293.7,52.01,12.19,32.1,12
232,1986,19,0.276,295.23,54.84,12.88,33.86,12
233,1986,20,0.304,296.52,54.74,12.55,33.65,12
234,1986,21,0.326,297.6,56.47,10.67,33.57,12
235,1986,22,0.345,298.2,60.81,11.32,36.07,12
236,1986,23,0.35200000000000004,298.57,60.65,11.53,36.09,12
237,1986,24,0.35200000000000004,298.7,57.4,11.97,34.69,12
238,1986,25,0.355,298.83,56.0,14.29,35.14,12
239,1986,26,0.35,298.43,51.22,21.61,36.42,12
240,1986,27,0.34600000000000003,297.51,47.47,33.91,40.69,12
241,1986,28,0.33799999999999997,296.95,44.53,42.51,43.52,12
242,1986,29,0.33399999999999996,296.97,44.85,45.63,45.24,12
243,1986,30,0.33399999999999996,296.82,49.47,48.48,48.98,12
244,1986,31,0.327,296.26,48.95,52.22,50.59,12
245,1986,32,0.32,294.98,45.97,61.08,53.52,12
246,1986,33,0.316,294.41,45.89,58.19,52.04,12
247,1986,34,0.305,293.29,44.32,59.81,52.06,12
248,1986,35,0.295,292.16,44.31,58.91,51.61,12
249,1986,36,0.28,290.61,43.05,60.0,51.53,12
250,1986,37,0.26899999999999996,288.64,45.68,69.55,57.61,12
251,1986,38,0.255,286.47,46.82,77.53,62.17,12
252,1986,39,0.237,284.41,47.68,80.09,63.88,12
253,1986,40,0.217,282.66,48.31,78.16,63.23,12
254,1986,41,0.196,281.5,47.68,62.71,55.2,12
255,1986,42,0.172,280.31,41.45,49.92,45.69,12
256,1986,43,0.14300000000000002,278.58,34.45,41.88,38.17,12
257,1986,44,0.10800000000000001,275.67,22.45,38.82,30.63,12
258,1986,45,0.084,273.39,15.72,36.61,26.16,12
259,1986,46,0.065,271.76,11.16,30.06,20.61,12
260,1986,47,0.051,269.6,8.85,26.67,17.76,12
261,1986,48,0.042,267.67,7.23,27.8,17.52,12
262,1986,49,0.035,265.71,5.87,31.87,18.87,12
263,1986,50,0.034,262.93,6.85,42.18,24.51,12
264,1986,51,0.033,260.2,7.75,50.16,28.95,12
265,1986,52,0.034,258.07,10.42,55.29,32.85,12
266,1987,1,0.033,256.68,9.52,58.75,34.13,12
267,1987,2,0.034,256.4,9.41,62.63,36.02,12
268,1987,3,0.036000000000000004,256.37,11.0,66.64,38.82,12
269,1987,4,0.035,256.62,10.51,68.4,39.46,12
270,1987,5,0.033,256.56,9.26,73.98,41.62,12
271,1987,6,0.033,256.72,9.63,78.7,44.17,12
272,1987,7,0.036000000000000004,257.55,11.47,81.99,46.73,12
273,1987,8,0.039,258.45,13.12,86.48,49.8,12
274,1987,9,0.040999999999999995,260.01,12.29,89.77,51.03,12
275,1987,10,0.043,262.03,9.79,93.35,51.57,12
276,1987,11,0.046,264.27,7.45,95.59,51.52,12
277,1987,12,0.054000000000000006,267.63,7.44,96.18,51.81,12
278,1987,13,0.067,271.29,9.35,95.86,52.6,12
279,1987,14,0.083,275.08,12.93,92.72,52.82,12
280,1987,15,0.102,278.72,15.17,89.36,52.26,12
281,1987,16,0.122,281.91,14.15,85.15,49.65,12
282,1987,17,0.14300000000000002,284.87,13.3,78.77,46.03,12
283,1987,18,0.16899999999999998,287.26,11.76,78.85,45.31,12
284,1987,19,0.20199999999999999,289.01,12.96,80.16,46.56,12
285,1987,20,0.237,290.74,17.45,76.24,46.84,12
286,1987,21,0.271,292.32,25.0,68.1,46.55,12
287,1987,22,0.301,293.28,34.14,64.22,49.18,12
288,1987,23,0.32299999999999995,293.74,43.02,63.7,53.36,12
289,1987,24,0.341,294.49,50.63,59.98,55.31,12
290,1987,25,0.35600000000000004,295.05,56.06,58.9,57.48,12
291,1987,26,0.36700000000000005,295.27,59.85,58.34,59.09,12
292,1987,27,0.369,295.72,60.13,54.14,57.13,12
293,1987,28,0.363,296.16,58.37,50.8,54.59,12
294,1987,29,0.34700000000000003,295.97,51.69,56.06,53.88,12
295,1987,30,0.325,295.15,43.47,65.72,54.59,12
296,1987,31,0.306,293.86,36.38,77.26,56.82,12
297,1987,32,0.298,292.82,33.21,84.29,58.75,12
298,1987,33,0.289,291.71,30.31,89.62,59.96,12
299,1987,34,0.28300000000000003,290.88,31.18,90.32,60.75,12
300,1987,35,0.276,290.02,33.39,86.56,59.97,12
301,1987,36,0.271,289.05,37.6,80.63,59.11,12
302,1987,37,0.262,287.88,40.06,79.81,59.93,12
303,1987,38,0.247,286.53,40.54,76.88,58.71,12
304,1987,39,0.22899999999999998,284.81,41.39,74.36,57.87,12
305,1987,40,0.213,283.79,44.78,62.18,53.48,12
306,1987,41,0.196,282.26,47.09,52.61,49.85,12
307,1987,42,0.172,280.02,39.83,53.8,46.82,12
308,1987,43,0.142,277.88,32.32,49.15,40.73,12
309,1987,44,0.113,274.74,25.59,47.08,36.33,12
310,1987,45,0.091,272.15,21.74,46.13,33.94,12
311,1987,46,0.073,269.95,20.38,42.08,31.23,12
312,1987,47,0.059000000000000004,268.1,18.94,34.99,26.97,12
313,1987,48,0.049,266.44,18.8,34.09,26.45,12
314,1987,49,0.047,265.07,21.57,34.92,28.25,12
315,1987,50,0.044000000000000004,263.85,21.74,37.86,29.8,12
316,1987,51,0.040999999999999995,262.77,20.47,38.28,29.37,12
317,1987,52,0.04,261.78,20.03,38.73,29.38,12
318,1988,1,0.039,261.2,18.0,37.42,27.71,12
319,1988,2,0.039,260.26,16.56,43.64,30.1,12
320,1988,3,0.039,259.7,16.46,49.17,32.82,12
321,1988,4,0.04,259.8,18.83,51.61,35.22,12
322,1988,5,0.043,258.61,22.43,63.18,42.8,12
323,1988,6,0.044000000000000004,258.5,22.46,69.13,45.79,12
324,1988,7,0.044000000000000004,258.32,21.07,76.26,48.67,12
325,1988,8,0.045,258.87,19.22,81.56,50.39,12
326,1988,9,0.047,260.06,17.68,84.99,51.33,12
327,1988,10,0.05,262.15,15.65,87.93,51.79,12
328,1988,11,0.054000000000000006,265.19,13.94,87.08,50.51,12
329,1988,12,0.059000000000000004,268.58,11.8,87.95,49.88,12
330,1988,13,0.067,272.39,10.99,85.13,48.06,12
331,1988,14,0.081,276.33,11.99,78.85,45.42,12
332,1988,15,0.09699999999999999,279.23,12.6,78.2,45.4,12
333,1988,16,0.115,281.81,12.14,77.82,44.98,12
334,1988,17,0.14,284.05,13.84,78.0,45.92,12
335,1988,18,0.17300000000000001,286.82,16.4,77.69,47.05,12
336,1988,19,0.20199999999999999,289.2,16.24,75.18,45.71,12
337,1988,20,0.22899999999999998,290.92,16.15,72.93,44.54,12
338,1988,21,0.25,291.97,16.8,71.41,44.11,12
339,1988,22,0.26899999999999996,292.79,20.09,68.85,44.47,12
340,1988,23,0.28600000000000003,293.45,25.81,66.53,46.17,12
341,1988,24,0.305,294.04,32.57,65.07,48.82,12
342,1988,25,0.315,294.17,34.33,68.54,51.43,12
343,1988,26,0.325,294.77,37.4,64.6,51.0,12
344,1988,27,0.336,295.66,41.86,55.27,48.57,12
345,1988,28,0.341,296.02,46.32,52.73,49.52,12
346,1988,29,0.34,295.75,48.37,58.41,53.39,12
347,1988,30,0.33899999999999997,295.75,52.57,59.46,56.01,12
348,1988,31,0.336,295.55,54.12,59.61,56.87,12
349,1988,32,0.32899999999999996,295.29,52.35,57.74,55.05,12
350,1988,33,0.319,294.99,48.2,50.73,49.47,12
351,1988,34,0.302,293.96,42.19,50.59,46.39,12
352,1988,35,0.284,292.71,38.12,51.1,44.61,12
353,1988,36,0.264,291.09,35.27,53.58,44.43,12
354,1988,37,0.243,289.6,31.52,56.32,43.92,12
355,1988,38,0.218,288.25,26.74,52.21,39.47,12
356,1988,39,0.19699999999999998,286.95,25.24,43.12,34.18,12
357,1988,40,0.184,285.64,27.76,34.32,31.04,12
358,1988,41,0.16399999999999998,282.34,27.02,50.34,38.68,12
359,1988,42,0.146,279.61,24.64,57.58,41.11,12
360,1988,43,0.125,275.65,22.35,69.59,45.97,12
361,1988,44,0.102,271.23,18.75,74.46,46.6,12
362,1988,45,0.087,267.6,18.04,76.65,47.34,12
363,1988,46,0.076,265.2,21.77,72.14,46.96,12
364,1988,47,0.065,263.29,23.88,61.9,42.89,12
365,1988,48,0.059000000000000004,262.26,27.25,55.92,41.58,12
366,1988,49,0.055,261.54,28.78,52.31,40.55,12
367,1988,50,0.051,261.25,28.12,50.61,39.36,12
368,1988,51,0.05,261.13,31.19,46.01,38.6,12
369,1988,52,0.049,261.31,31.29,41.14,36.21,12
370,1989,1,0.049,262.62,30.7,31.71,31.21,12
371,1989,2,0.051,264.41,31.03,25.07,28.05,12
372,1989,3,0.052000000000000005,266.33,33.1,18.09,25.6,12
373,1989,4,0.055999999999999994,268.34,39.38,12.72,26.05,12
374,1989,5,0.061,269.97,46.03,11.95,28.99,12
375,1989,6,0.069,271.85,49.42,10.59,30.01,12
376,1989,7,0.077,273.36,51.84,10.5,31.17,12
377,1989,8,0.086,275.18,52.74,10.11,31.42,12
378,1989,9,0.094,277.14,51.97,9.44,30.7,12
379,1989,10,0.105,278.87,53.18,10.43,31.8,12
380,1989,11,0.11900000000000001,280.71,56.31,7.8,32.06,12
381,1989,12,0.135,282.34,60.36,13.17,36.76,12
382,1989,13,0.153,283.88,65.46,17.43,41.45,12
383,1989,14,0.171,285.77,70.31,15.37,42.84,12
384,1989,15,0.188,287.6,71.06,14.35,42.71,12
385,1989,16,0.203,289.15,65.19,19.06,42.13,12
386,1989,17,0.223,290.57,59.87,23.87,41.87,12
387,1989,18,0.253,291.84,59.11,30.95,45.03,12
388,1989,19,0.281,292.69,58.16,39.05,48.61,12
389,1989,20,0.311,293.15,60.17,47.82,54.0,12
390,1989,21,0.337,294.13,63.61,46.85,55.23,12
391,1989,22,0.34600000000000003,294.57,62.76,48.99,55.87,12
392,1989,23,0.34700000000000003,294.56,59.29,53.46,56.38,12
393,1989,24,0.34700000000000003,294.76,55.2,54.54,54.87,12
394,1989,25,0.34700000000000003,294.9,51.94,57.8,54.87,12
395,1989,26,0.35600000000000004,295.27,55.19,55.57,55.38,12
396,1989,27,0.358,295.46,55.23,54.68,54.95,12
397,1989,28,0.34700000000000003,295.2,49.96,59.43,54.7,12
398,1989,29,0.33,294.69,42.97,68.37,55.67,12
399,1989,30,0.312,294.14,38.07,74.7,56.38,12
400,1989,31,0.31,294.47,39.68,69.69,54.68,12
401,1989,32,0.307,294.78,38.48,62.72,50.6,12
402,1989,33,0.298,293.99,35.4,63.16,49.28,12
403,1989,34,0.292,293.29,36.4,60.7,48.55,12
404,1989,35,0.282,292.52,37.61,54.83,46.22,12
405,1989,36,0.26899999999999996,291.23,38.34,52.16,45.25,12
406,1989,37,0.248,289.71,35.6,54.95,45.28,12
407,1989,38,0.226,287.58,33.05,61.99,47.52,12
408,1989,39,0.221,286.7,42.08,46.83,44.46,12
409,1989,40,0.217,285.87,54.14,31.55,42.85,12
410,1989,41,0.20199999999999999,284.53,57.52,20.86,39.19,12
411,1989,42,0.18100000000000002,282.48,50.9,24.03,37.46,12
412,1989,43,0.16399999999999998,280.45,52.44,23.63,38.03,12
413,1989,44,0.155,279.18,58.77,8.69,33.73,12
414,1989,45,0.13699999999999998,277.45,60.51,6.35,33.43,12
415,1989,46,0.11,274.11,55.59,14.55,35.07,12
416,1989,47,0.092,270.99,51.41,19.0,35.21,12
417,1989,48,0.081,268.75,50.54,22.67,36.6,12
418,1989,49,0.07400000000000001,267.16,49.3,25.22,37.26,12
419,1989,50,0.064,264.94,43.4,33.07,38.23,12
420,1989,51,0.061,264.0,41.87,32.97,37.42,12
421,1989,52,0.062,264.96,43.76,25.23,34.49,12
422,1990,1,0.063,266.15,45.87,16.5,31.19,12
423,1990,2,0.065,267.27,44.92,13.24,29.08,12
424,1990,3,0.068,267.88,46.61,12.28,29.45,12
425,1990,4,0.071,269.07,51.17,9.71,30.44,12
426,1990,5,0.077,270.62,57.09,9.41,33.25,12
427,1990,6,0.083,272.27,60.39,8.3,34.34,12
428,1990,7,0.095,273.81,65.48,7.4,36.44,12
429,1990,8,0.109,276.15,69.89,3.96,36.93,12
430,1990,9,0.124,278.47,73.1,1.17,37.13,12
431,1990,10,0.139,280.68,75.59,0.13,37.86,12
432,1990,11,0.149,281.64,76.03,1.12,38.58,12
433,1990,12,0.158,284.3,75.38,1.37,38.37,12
434,1990,13,0.16,286.27,72.62,2.15,37.38,12
435,1990,14,0.162,287.37,68.85,4.11,36.48,12
436,1990,15,0.16699999999999998,287.94,61.36,11.77,36.56,12
437,1990,16,0.177,288.14,49.84,28.36,39.1,12
438,1990,17,0.19699999999999998,288.82,44.94,39.75,42.34,12
439,1990,18,0.231,289.98,47.82,49.12,48.47,12
440,1990,19,0.257,290.88,45.71,58.13,51.92,12
441,1990,20,0.272,291.52,38.22,65.56,51.89,12
442,1990,21,0.276,291.59,28.8,74.06,51.43,12
443,1990,22,0.282,291.72,24.7,78.81,51.76,12
444,1990,23,0.29600000000000004,292.28,28.28,77.23,52.75,12
445,1990,24,0.314,293.2,35.44,71.77,53.61,12
446,1990,25,0.332,294.63,43.48,61.2,52.34,12
447,1990,26,0.34,295.19,46.6,57.91,52.26,12
448,1990,27,0.34600000000000003,295.31,49.2,58.37,53.79,12
449,1990,28,0.35200000000000004,295.17,53.95,61.44,57.69,12
450,1990,29,0.349,294.84,55.04,67.8,61.42,12
451,1990,30,0.341,294.31,55.0,73.69,64.35,12
452,1990,31,0.336,294.13,55.43,73.94,64.68,12
453,1990,32,0.327,294.33,52.26,68.17,60.21,12
454,1990,33,0.313,293.8,45.87,65.8,55.83,12
455,1990,34,0.297,292.74,40.72,67.63,54.17,12
456,1990,35,0.278,291.52,35.7,67.84,51.77,12
457,1990,36,0.26,290.08,34.05,67.39,50.72,12
458,1990,37,0.247,288.87,35.17,66.38,50.77,12
459,1990,38,0.237,287.75,39.61,59.59,49.6,12
460,1990,39,0.228,286.47,46.6,50.22,48.41,12
461,1990,40,0.217,285.19,53.41,41.68,47.55,12
462,1990,41,0.201,283.74,56.95,32.44,44.69,12
463,1990,42,0.175,281.88,45.97,31.54,38.76,12
464,1990,43,0.142,278.1,36.95,47.17,42.06,12
465,1990,44,0.11599999999999999,274.93,32.39,46.14,39.27,12
466,1990,45,0.09699999999999999,273.3,31.55,37.56,34.56,12
467,1990,46,0.083,271.11,34.66,34.16,34.41,12
468,1990,47,0.076,269.36,40.28,27.1,33.69,12
469,1990,48,0.069,268.02,42.64,25.26,33.95,12
470,1990,49,0.066,266.59,45.38,27.18,36.28,12
471,1990,50,0.065,266.07,47.87,27.4,37.64,12
472,1990,51,0.066,265.91,51.05,24.4,37.72,12
473,1990,52,0.068,266.25,54.69,19.87,37.28,12
474,1991,1,0.07400000000000001,266.83,63.35,13.27,38.31,12
475,1991,2,0.08,267.4,65.53,11.56,38.54,12
476,1991,3,0.083,267.44,65.57,12.72,39.15,12
477,1991,4,0.077,265.44,61.69,25.93,43.81,12
478,1991,5,0.068,265.03,51.64,34.58,43.11,12
479,1991,6,0.06,266.08,39.14,35.87,37.5,12
480,1991,7,0.054000000000000006,266.2,29.62,42.48,36.05,12
481,1991,8,0.051,266.73,24.03,48.54,36.28,12
482,1991,9,0.049,267.39,19.88,55.1,37.49,12
483,1991,10,0.049,269.06,15.4,59.22,37.31,12
484,1991,11,0.051,271.6,12.24,56.37,34.31,12
485,1991,12,0.057,274.5,11.28,57.2,34.24,12
486,1991,13,0.064,277.22,9.43,57.81,33.62,12
487,1991,14,0.069,279.12,5.17,61.39,33.28,12
488,1991,15,0.084,281.0,4.84,66.95,35.9,12
489,1991,16,0.105,282.68,5.78,74.73,40.26,12
490,1991,17,0.129,283.7,7.41,86.0,46.7,12
491,1991,18,0.163,285.77,10.66,90.29,50.48,12
492,1991,19,0.19699999999999998,287.78,12.0,90.42,51.21,12
493,1991,20,0.231,289.29,15.37,89.41,52.39,12
494,1991,21,0.26,290.82,19.75,81.84,50.79,12
495,1991,22,0.285,292.07,26.11,74.58,50.34,12
496,1991,23,0.31,293.2,36.45,66.75,51.6,12
497,1991,24,0.33,294.75,45.37,53.63,49.5,12
498,1991,25,0.35100000000000003,296.1,54.86,42.79,48.82,12
499,1991,26,0.36,296.87,58.29,36.42,47.35,12
500,1991,27,0.353,296.44,53.96,43.41,48.69,12
501,1991,28,0.348,296.02,52.25,50.61,51.43,12
502,1991,29,0.33899999999999997,295.7,49.3,57.42,53.36,12
503,1991,30,0.33299999999999996,295.27,50.76,63.23,56.99,12
504,1991,31,0.32799999999999996,294.9,50.99,65.32,58.16,12
505,1991,32,0.32299999999999995,294.43,49.72,66.33,58.02,12
506,1991,33,0.324,294.1,51.82,61.33,56.57,12
507,1991,34,0.32299999999999995,294.03,55.78,50.14,52.96,12
508,1991,35,0.318,293.62,58.56,39.23,48.9,12
509,1991,36,0.303,292.45,57.64,35.13,46.38,12
510,1991,37,0.28800000000000003,291.45,58.64,30.65,44.65,12
511,1991,38,0.273,290.9,60.76,14.51,37.63,12
512,1991,39,0.25,289.18,60.36,11.76,36.06,12
513,1991,40,0.223,286.89,57.63,17.36,37.5,12
514,1991,41,0.19399999999999998,284.42,52.47,23.13,37.8,12
515,1991,42,0.165,280.97,40.44,42.53,41.49,12
516,1991,43,0.132,276.82,30.12,59.8,44.96,12
517,1991,44,0.099,272.45,19.16,67.18,43.17,12
518,1991,45,0.076,268.12,13.44,75.86,44.65,12
519,1991,46,0.065,265.52,15.46,71.26,43.36,12
520,1991,47,0.059000000000000004,263.54,20.26,59.97,40.12,12
521,1991,48,0.053,262.04,23.45,56.23,39.84,12
522,1991,49,0.048,260.75,24.08,55.52,39.8,12
523,1991,50,0.049,260.93,27.99,52.3,40.14,12
524,1991,51,0.051,262.12,30.98,41.95,36.47,12
525,1991,52,0.05,262.58,30.15,36.13,33.14,12
526,1992,1,0.051,262.81,31.8,31.61,31.71,12
527,1992,2,0.052000000000000005,263.32,31.62,30.51,31.07,12
528,1992,3,0.055,263.91,33.88,29.79,31.83,12
529,1992,4,0.055999999999999994,264.6,37.06,29.76,33.41,12
530,1992,5,0.055999999999999994,263.98,38.1,39.11,38.61,12
531,1992,6,0.055999999999999994,263.57,36.67,47.1,41.88,12
532,1992,7,0.059000000000000004,264.85,35.19,47.92,41.56,12
533,1992,8,0.062,266.56,32.82,48.5,40.66,12
534,1992,9,0.065,268.26,30.51,50.36,40.43,12
535,1992,10,0.066,270.2,26.73,52.9,39.81,12
536,1992,11,0.069,272.27,23.72,52.25,37.98,12
537,1992,12,0.07400000000000001,274.43,21.28,57.33,39.3,12
538,1992,13,0.08199999999999999,275.96,20.37,66.03,43.2,12
539,1992,14,0.09699999999999999,278.44,23.68,67.99,45.84,12
540,1992,15,0.12,281.82,28.48,62.17,45.33,12
541,1992,16,0.152,285.21,34.41,53.98,44.2,12
542,1992,17,0.192,288.18,42.91,45.93,44.42,12
543,1992,18,0.22899999999999998,290.19,47.14,47.57,47.35,12
544,1992,19,0.259,291.48,47.13,52.31,49.72,12
545,1992,20,0.281,293.05,43.67,49.33,46.5,12
546,1992,21,0.299,294.14,42.55,46.69,44.62,12
547,1992,22,0.316,295.04,45.49,43.75,44.62,12
548,1992,23,0.332,295.97,50.37,38.31,44.34,12
549,1992,24,0.348,296.58,56.21,34.8,45.51,12
550,1992,25,0.361,297.1,60.68,33.27,46.97,12
551,1992,26,0.371,297.62,63.97,29.67,46.82,12
552,1992,27,0.376,298.16,66.4,25.67,46.03,12
553,1992,28,0.37799999999999995,298.8,69.0,21.95,45.48,12
554,1992,29,0.374,299.28,68.65,20.76,44.71,12
555,1992,30,0.366,299.53,68.86,20.4,44.63,12
556,1992,31,0.35600000000000004,299.54,66.32,17.83,42.08,12
557,1992,32,0.34700000000000003,299.18,63.45,15.89,39.67,12
558,1992,33,0.336,298.45,59.13,10.86,34.99,12
559,1992,34,0.319,297.09,53.28,11.94,32.61,12
560,1992,35,0.299,295.32,47.92,17.66,32.79,12
561,1992,36,0.27399999999999997,292.75,41.81,31.93,36.87,12
562,1992,37,0.248,290.21,36.52,48.34,42.43,12
563,1992,38,0.226,288.08,33.9,54.85,44.38,12
564,1992,39,0.207,285.48,34.38,64.51,49.45,12
565,1992,40,0.192,282.92,37.51,74.33,55.92,12
566,1992,41,0.174,280.27,37.97,79.59,58.78,12
567,1992,42,0.147,277.8,26.31,80.17,53.24,12
568,1992,43,0.114,275.1,17.29,76.57,46.93,12
569,1992,44,0.09,272.57,13.35,66.75,40.05,12
570,1992,45,0.076,270.43,13.58,59.42,36.5,12
571,1992,46,0.064,268.96,15.81,48.56,32.18,12
572,1992,47,0.055,267.39,17.2,38.37,27.78,12
573,1992,48,0.05,266.48,21.01,33.28,27.14,12
574,1992,49,0.046,265.3,22.36,33.46,27.91,12
575,1992,50,0.043,264.87,23.2,32.94,28.07,12
576,1992,51,0.046,265.12,28.75,27.48,28.11,12
577,1992,52,0.051,265.19,34.87,23.68,29.27,12
578,1993,1,0.053,264.99,37.66,20.98,29.32,12
579,1993,2,0.054000000000000006,265.32,36.73,20.59,28.66,12
580,1993,3,0.057,266.56,38.85,16.92,27.88,12
581,1993,4,0.062,267.49,44.78,15.57,30.18,12
582,1993,5,0.064,267.35,48.07,22.66,35.36,12
583,1993,6,0.064,265.88,44.89,36.03,40.46,12
584,1993,7,0.062,264.59,38.01,49.07,43.54,12
585,1993,8,0.06,263.17,31.82,64.45,48.13,12
586,1993,9,0.06,262.01,27.08,79.3,53.19,12
587,1993,10,0.057999999999999996,260.24,20.53,94.37,57.45,12
588,1993,11,0.057,259.16,15.6,99.06,57.33,12
589,1993,12,0.063,258.78,14.21,100.0,57.1,12
590,1993,13,0.07,260.29,12.04,100.0,56.02,12
591,1993,14,0.08199999999999999,263.25,12.44,100.0,56.22,12
592,1993,15,0.10099999999999999,269.59,14.2,99.93,57.06,12
593,1993,16,0.132,277.61,19.98,97.64,58.81,12
594,1993,17,0.17300000000000001,283.86,29.99,82.33,56.16,12
595,1993,18,0.215,287.77,37.49,71.6,54.55,12
596,1993,19,0.251,289.65,41.43,72.13,56.78,12
597,1993,20,0.28,291.32,41.97,68.13,55.05,12
598,1993,21,0.305,293.08,44.12,58.0,51.06,12
599,1993,22,0.322,294.19,46.36,52.88,49.62,12
600,1993,23,0.33299999999999996,294.66,48.29,52.17,50.23,12
601,1993,24,0.33799999999999997,294.73,48.15,55.28,51.72,12
602,1993,25,0.34299999999999997,294.74,48.47,60.32,54.39,12
603,1993,26,0.34299999999999997,294.75,46.52,62.71,54.61,12
604,1993,27,0.344,294.68,46.04,64.73,55.38,12
605,1993,28,0.344,294.93,47.32,63.18,55.25,12
606,1993,29,0.34600000000000003,295.43,50.87,61.22,56.04,12
607,1993,30,0.348,295.72,55.86,59.72,57.79,12
608,1993,31,0.35100000000000003,295.41,60.34,61.09,60.71,12
609,1993,32,0.344,294.46,58.78,66.73,62.76,12
610,1993,33,0.331,293.12,54.33,73.43,63.88,12
611,1993,34,0.316,291.77,50.13,79.42,64.78,12
612,1993,35,0.3,290.69,46.8,77.91,62.36,12
613,1993,36,0.282,289.25,43.72,77.83,60.77,12
614,1993,37,0.257,287.98,39.17,78.5,58.83,12
615,1993,38,0.225,286.58,30.73,76.25,53.49,12
616,1993,39,0.19399999999999998,285.19,23.9,68.92,46.41,12
617,1993,40,0.166,283.39,19.04,67.54,43.29,12
618,1993,41,0.14300000000000002,281.0,15.57,68.31,41.94,12
619,1993,42,0.124,278.39,11.96,71.83,41.89,12
620,1993,43,0.109,275.71,12.79,70.13,41.46,12
621,1993,44,0.10400000000000001,273.04,18.49,62.03,40.26,12
622,1993,45,0.09699999999999999,270.99,23.4,54.91,39.15,12
623,1993,46,0.096,269.43,32.47,45.58,39.03,12
624,1993,47,0.09699999999999999,268.93,38.16,30.2,34.18,12
625,1993,48,0.098,268.81,41.1,22.01,31.55,12
626,1993,49,0.098,268.91,42.28,17.7,29.99,12
627,1993,50,0.09699999999999999,269.82,43.11,13.21,28.16,12
628,1993,51,0.09699999999999999,269.95,44.42,10.08,27.25,12
629,1993,52,0.09699999999999999,269.97,46.21,7.13,26.67,12
630,1994,1,0.094,269.91,47.73,4.31,26.02,12
631,1994,2,0.09300000000000001,269.22,74.37,6.08,40.22,12
632,1994,3,0.092,268.75,71.02,9.09,40.06,12
633,1994,4,0.08900000000000001,269.37,68.98,9.5,39.24,12
634,1994,5,0.086,269.31,65.02,15.27,40.14,12
635,1994,6,0.08199999999999999,269.6,56.7,19.71,38.2,12
636,1994,7,0.081,270.15,49.63,23.84,36.74,12
637,1994,8,0.083,271.48,45.16,25.76,35.46,12
638,1994,9,0.086,272.32,42.16,31.23,36.7,12
639,1994,10,0.09,274.18,39.26,33.53,36.4,12
640,1994,11,0.094,276.24,36.39,31.42,33.91,12
641,1994,12,0.10400000000000001,278.2,36.72,36.92,36.82,12
642,1994,13,0.11900000000000001,280.92,40.74,36.02,38.38,12
643,1994,14,0.131,283.55,41.85,31.7,36.78,12
644,1994,15,0.147,285.19,41.8,34.64,38.22,12
645,1994,16,0.171,286.9,42.51,39.83,41.17,12
646,1994,17,0.20199999999999999,288.79,45.18,40.75,42.97,12
647,1994,18,0.22899999999999998,289.55,43.85,54.97,49.41,12
648,1994,19,0.257,290.0,42.8,68.47,55.64,12
649,1994,20,0.28,290.36,40.11,77.93,59.02,12
650,1994,21,0.299,291.21,39.82,78.06,58.94,12
651,1994,22,0.317,291.72,42.87,78.82,60.85,12
652,1994,23,0.33299999999999996,292.4,48.12,76.46,62.29,12
653,1994,24,0.349,292.86,53.42,76.48,64.95,12
654,1994,25,0.363,293.77,58.76,71.89,65.33,12
655,1994,26,0.37200000000000005,294.83,62.31,62.08,62.2,12
656,1994,27,0.37200000000000005,295.34,62.0,57.63,59.82,12
657,1994,28,0.371,295.9,62.76,53.14,57.95,12
658,1994,29,0.369,296.33,63.94,52.14,58.04,12
659,1994,30,0.36,296.25,63.84,54.18,59.01,12
660,1994,31,0.34700000000000003,295.76,60.39,57.15,58.77,12
661,1994,32,0.331,294.92,53.17,61.53,57.35,12
662,1994,33,0.316,293.86,46.35,64.16,55.25,12
663,1994,34,0.308,293.21,45.58,61.23,53.4,12
664,1994,35,0.306,292.92,50.28,49.94,50.11,12
665,1994,36,0.316,293.06,62.64,29.96,46.3,12
666,1995,7,0.094,272.91,50.6,12.22,31.41,12
667,1995,8,0.09699999999999999,275.25,48.78,9.24,29.01,12
668,1995,9,0.099,276.97,46.62,9.65,28.13,12
669,1995,10,0.102,278.5,44.16,11.72,27.94,12
670,1995,11,0.10400000000000001,279.32,40.46,14.04,27.25,12
671,1995,12,0.10800000000000001,279.97,37.63,26.45,32.04,12
672,1995,13,0.11599999999999999,280.96,37.08,35.57,36.32,12
673,1995,14,0.131,282.84,39.55,36.58,38.06,12
674,1995,15,0.149,284.75,40.84,38.55,39.69,12
675,1995,16,0.175,286.96,42.53,39.65,41.09,12
676,1995,17,0.20199999999999999,288.36,43.25,45.82,44.53,12
677,1995,18,0.23600000000000002,289.9,46.03,52.85,49.44,12
678,1995,19,0.26899999999999996,291.46,48.3,54.86,51.58,12
679,1995,20,0.29600000000000004,292.49,48.56,57.75,53.16,12
680,1995,21,0.322,293.97,51.89,50.34,51.12,12
681,1995,22,0.342,295.58,56.23,39.28,47.76,12
682,1995,23,0.359,296.4,61.95,34.72,48.33,12
683,1995,24,0.373,296.85,66.4,33.37,49.89,12
684,1995,25,0.379,296.97,66.86,36.55,51.71,12
685,1995,26,0.385,297.12,68.14,37.15,52.64,12
686,1995,27,0.386,297.27,67.92,36.79,52.35,12
687,1995,28,0.389,297.4,71.36,37.63,54.5,12
688,1995,29,0.384,297.33,70.36,41.82,56.09,12
689,1995,30,0.37799999999999995,297.04,70.99,45.9,58.44,12
690,1995,31,0.37200000000000005,296.61,71.06,48.32,59.69,12
691,1995,32,0.369,296.17,71.89,48.39,60.14,12
692,1995,33,0.361,295.65,69.41,43.39,56.4,12
693,1995,34,0.353,295.25,68.54,34.43,51.48,12
694,1995,35,0.34,294.52,66.74,27.61,47.17,12
695,1995,36,0.331,293.31,69.08,24.3,46.69,12
696,1995,37,0.315,291.73,69.76,27.92,48.84,12
697,1995,38,0.301,289.95,71.92,28.66,50.29,12
698,1995,39,0.284,288.5,74.14,22.06,48.1,12
699,1995,40,0.26899999999999996,286.9,78.98,18.03,48.5,12
700,1995,41,0.248,285.19,79.24,12.94,46.09,12
701,1995,42,0.222,282.97,70.09,18.63,44.36,12
702,1995,43,0.196,280.42,65.1,24.17,44.64,12
703,1995,44,0.16899999999999998,277.46,58.93,23.92,41.42,12
704,1995,45,0.14300000000000002,274.57,53.33,27.97,40.65,12
705,1995,46,0.115,272.15,47.13,27.54,37.33,12
706,1995,47,0.09699999999999999,270.18,44.01,23.45,33.73,12
707,1995,48,0.084,268.39,41.04,24.04,32.54,12
708,1995,49,0.077,266.45,38.78,28.19,33.48,12
709,1995,50,0.066,264.63,30.78,34.13,32.46,12
710,1995,51,0.062,263.12,28.23,36.73,32.48,12
711,1995,52,0.059000000000000004,261.65,27.82,39.54,33.68,12
712,1996,1,0.055999999999999994,260.2,27.95,41.99,34.97,12
713,1996,2,0.051,259.73,22.41,45.98,34.2,12
714,1996,3,0.045,259.57,16.35,49.78,33.07,12
715,1996,4,0.043,259.04,15.05,55.6,35.32,12
716,1996,5,0.042,259.0,13.91,61.68,37.8,12
717,1996,6,0.039,258.93,10.68,67.54,39.11,12
718,1996,7,0.037000000000000005,259.7,8.61,71.06,39.83,12
719,1996,8,0.038,261.37,8.3,72.38,40.34,12
720,1996,9,0.04,263.72,8.55,72.29,40.42,12
721,1996,10,0.048,266.45,10.38,72.2,41.29,12
722,1996,11,0.06,269.29,12.89,69.21,41.05,12
723,1996,12,0.079,272.23,19.01,70.67,44.84,12
724,1996,13,0.102,275.48,26.41,69.93,48.17,12
725,1996,14,0.128,279.05,35.56,64.07,49.81,12
726,1996,15,0.16,283.39,45.71,49.85,47.78,12
727,1996,16,0.195,287.35,52.43,35.86,44.15,12
728,1996,17,0.23399999999999999,290.43,59.65,24.77,42.21,12
729,1996,18,0.27399999999999997,293.06,66.49,17.9,42.2,12
730,1996,19,0.311,294.67,71.81,17.73,44.77,12
731,1996,20,0.345,296.21,74.69,14.82,44.75,12
732,1996,21,0.369,297.3,77.33,13.13,45.23,12
733,1996,22,0.379,297.52,76.51,17.73,47.12,12
734,1996,23,0.384,297.44,75.06,23.12,49.09,12
735,1996,24,0.384,297.33,72.1,27.24,49.67,12
736,1996,25,0.379,296.89,66.8,36.21,51.51,12
737,1996,26,0.375,296.55,62.67,42.19,52.43,12
738,1996,27,0.368,296.24,57.44,47.77,52.6,12
739,1996,28,0.364,296.01,56.1,52.06,54.08,12
740,1996,29,0.35700000000000004,295.72,54.38,58.67,56.53,12
741,1996,30,0.345,295.37,51.75,63.67,57.71,12
742,1996,31,0.341,295.1,52.69,64.84,58.77,12
743,1996,32,0.33899999999999997,294.81,53.11,63.48,58.3,12
744,1996,33,0.336,294.37,54.05,58.71,56.38,12
745,1996,34,0.32899999999999996,293.52,54.37,57.27,55.82,12
746,1996,35,0.315,291.92,52.26,62.74,57.5,12
747,1996,36,0.304,289.71,53.72,72.81,63.26,12
748,1996,37,0.298,288.03,59.51,77.99,68.75,12
749,1996,38,0.28800000000000003,287.0,64.35,70.62,67.49,12
750,1996,39,0.278,286.23,70.81,54.17,62.49,12
751,1996,40,0.258,284.86,73.4,46.87,60.14,12
752,1996,41,0.233,283.12,70.76,40.88,55.82,12
753,1996,42,0.195,280.69,53.63,45.92,49.77,12
754,1996,43,0.158,278.06,41.82,47.67,44.74,12
755,1996,44,0.131,274.46,35.73,50.26,42.99,12
756,1996,45,0.106,269.79,30.11,64.46,47.29,12
757,1996,46,0.083,264.23,24.68,79.76,52.22,12
758,1996,47,0.063,257.29,19.14,93.46,56.3,12
759,1996,48,0.051,254.04,16.4,95.62,56.01,12
760,1996,49,0.046,253.21,15.99,90.99,53.49,12
761,1996,50,0.049,254.87,19.61,80.75,50.18,12
762,1996,51,0.06,257.47,29.42,63.05,46.24,12
763,1996,52,0.068,259.57,36.99,48.85,42.92,12
764,1997,1,0.077,261.29,50.16,37.34,43.75,12
765,1997,2,0.084,262.87,53.93,31.64,42.79,12
766,1997,3,0.091,264.88,57.17,24.28,40.73,12
767,1997,4,0.099,267.29,62.71,16.15,39.43,12
768,1997,5,0.109,269.17,69.16,14.45,41.8,12
769,1997,6,0.121,270.71,74.37,14.03,44.2,12
770,1997,7,0.131,272.71,73.84,11.4,42.62,12
771,1997,8,0.134,274.41,70.02,11.32,40.67,12
772,1997,9,0.13699999999999998,275.98,66.42,12.95,39.69,12
773,1997,10,0.14,277.5,63.12,16.13,39.62,12
774,1997,11,0.14400000000000002,279.07,59.96,15.3,37.63,12
775,1997,12,0.14400000000000002,280.96,54.99,20.39,37.69,12
776,1997,13,0.14800000000000002,282.71,53.08,24.21,38.64,12
777,1997,14,0.152,283.95,49.17,27.95,38.56,12
778,1997,15,0.159,285.56,43.93,30.95,37.44,12
779,1997,16,0.174,287.08,39.9,37.68,38.79,12
780,1997,17,0.19399999999999998,288.6,38.42,41.74,40.08,12
781,1997,18,0.217,289.93,35.5,50.7,43.1,12
782,1997,19,0.243,291.14,33.43,57.06,45.25,12
783,1997,20,0.26899999999999996,292.2,33.05,60.02,46.53,12
784,1997,21,0.293,292.52,35.31,66.09,50.7,12
785,1997,22,0.316,292.7,40.64,70.53,55.59,12
786,1997,23,0.335,293.29,47.49,69.1,58.29,12
787,1997,24,0.35100000000000003,293.71,54.19,69.78,61.98,12
788,1997,25,0.359,293.85,55.93,73.78,64.86,12
789,1997,26,0.364,293.93,56.01,74.97,65.49,12
790,1997,27,0.353,293.4,48.28,80.84,64.56,12
791,1997,28,0.34299999999999997,293.09,44.16,84.03,64.1,12
792,1997,29,0.34,293.16,45.42,85.28,65.35,12
793,1997,30,0.342,293.31,50.39,83.75,67.07,12
794,1997,31,0.344,293.45,54.37,81.02,67.7,12
795,1997,32,0.34600000000000003,293.3,56.71,79.34,68.02,12
796,1997,33,0.345,292.79,58.69,77.6,68.14,12
797,1997,34,0.33899999999999997,292.1,60.64,75.79,68.22,12
798,1997,35,0.336,291.29,64.54,71.32,67.93,12
799,1997,36,0.32899999999999996,290.3,67.32,65.23,66.27,12
800,1997,37,0.318,288.97,69.75,65.57,67.66,12
801,1997,38,0.3,287.64,69.71,61.42,65.56,12
802,1997,39,0.276,285.72,67.66,60.91,64.28,12
803,1997,40,0.239,283.32,60.58,68.66,64.62,12
804,1997,41,0.20800000000000002,281.33,54.63,65.2,59.92,12
805,1997,42,0.182,278.99,44.74,65.62,55.18,12
806,1997,43,0.155,276.49,40.15,62.6,51.37,12
807,1997,44,0.127,273.43,34.18,58.94,46.56,12
808,1997,45,0.098,269.86,25.62,63.73,44.67,12
809,1997,46,0.07200000000000001,266.44,18.02,65.34,41.68,12
810,1997,47,0.057,263.41,15.02,61.32,38.17,12
811,1997,48,0.05,260.08,16.99,67.1,42.05,12
812,1997,49,0.049,258.29,20.55,68.11,44.33,12
813,1997,50,0.049,256.91,22.46,71.52,46.99,12
814,1997,51,0.052000000000000005,255.94,26.84,69.84,48.34,12
815,1997,52,0.055999999999999994,255.17,32.32,68.09,50.2,12
816,1998,1,0.062,255.18,42.15,65.2,53.67,12
817,1998,2,0.07,256.85,47.72,59.62,53.67,12
818,1998,3,0.076,259.42,51.19,50.15,50.67,12
819,1998,4,0.084,262.3,57.28,39.49,48.38,12
820,1998,5,0.09300000000000001,265.53,61.67,31.29,46.48,12
821,1998,6,0.099,267.88,62.09,26.98,44.53,12
822,1998,7,0.10099999999999999,269.83,57.24,24.83,41.04,12
823,1998,8,0.102,271.39,52.82,25.74,39.28,12
824,1998,9,0.102,272.4,48.2,30.84,39.52,12
825,1998,10,0.105,273.98,44.88,34.66,39.77,12
826,1998,11,0.106,275.19,40.38,37.31,38.84,12
827,1998,12,0.10800000000000001,276.26,36.9,47.93,42.41,12
828,1998,13,0.11599999999999999,277.8,36.01,55.64,45.83,12
829,1998,14,0.13,280.16,38.21,56.1,47.16,12
830,1998,15,0.154,283.57,43.21,48.52,45.87,12
831,1998,16,0.184,286.53,48.25,43.62,45.94,12
832,1998,17,0.21600000000000003,289.07,51.76,38.04,44.9,12
833,1998,18,0.24,290.68,48.38,43.63,46.01,12
834,1998,19,0.26,291.72,43.61,50.44,47.02,12
835,1998,20,0.278,292.27,38.59,58.72,48.66,12
836,1998,21,0.297,292.94,37.69,60.89,49.29,12
837,1998,22,0.309,293.59,36.65,60.67,48.66,12
838,1998,23,0.322,293.98,40.11,60.84,50.48,12
839,1998,24,0.33399999999999996,294.27,43.24,61.89,52.56,12
840,1998,25,0.34600000000000003,294.23,46.89,67.77,57.33,12
841,1998,26,0.353,293.89,48.71,74.27,61.49,12
842,1998,27,0.361,294.15,52.12,71.8,61.96,12
843,1998,28,0.37200000000000005,295.02,61.02,63.12,62.07,12
844,1998,29,0.38299999999999995,295.95,69.57,56.22,62.9,12
845,1998,30,0.389,296.58,76.33,51.29,63.81,12
846,1998,31,0.384,296.4,77.26,51.24,64.25,12
847,1998,32,0.375,295.85,74.37,52.4,63.38,12
848,1998,33,0.366,295.1,72.09,50.27,61.18,12
849,1998,34,0.359,294.18,72.57,48.43,60.5,12
850,1998,35,0.35,293.37,72.78,42.89,57.84,12
851,1998,36,0.33799999999999997,292.0,72.46,41.71,57.08,12
852,1998,37,0.326,290.22,74.59,48.12,61.35,12
853,1998,38,0.311,288.63,75.3,47.42,61.36,12
854,1998,39,0.28800000000000003,286.53,73.59,49.92,61.75,12
855,1998,40,0.258,283.88,69.44,60.86,65.15,12
856,1998,41,0.226,281.13,62.48,67.87,65.17,12
857,1998,42,0.192,278.15,49.67,75.5,62.59,12
858,1998,43,0.159,274.83,41.5,78.17,59.83,12
859,1998,44,0.132,270.84,36.58,80.02,58.3,12
860,1998,45,0.10800000000000001,267.5,31.84,80.59,56.22,12
861,1998,46,0.091,264.4,32.17,78.61,55.39,12
862,1998,47,0.081,261.7,36.41,70.16,53.29,12
863,1998,48,0.071,260.21,37.87,65.43,51.65,12
864,1998,49,0.064,259.14,37.29,63.31,50.3,12
865,1998,50,0.06,257.64,37.2,67.67,52.44,12
866,1998,51,0.057,258.32,36.92,58.9,47.91,12
867,1998,52,0.055999999999999994,259.32,36.07,49.69,42.88,12
868,1999,1,0.055,259.34,36.1,45.39,40.74,12
869,1999,2,0.057,259.54,36.11,45.68,40.9,12
870,1999,3,0.06,259.71,36.92,47.6,42.26,12
871,1999,4,0.063,260.2,41.51,48.3,44.91,12
872,1999,5,0.069,260.49,46.57,53.64,50.1,12
873,1999,6,0.073,261.16,47.0,56.47,51.73,12
874,1999,7,0.079,263.71,45.95,52.06,49.01,12
875,1999,8,0.087,266.48,45.53,47.93,46.73,12
876,1999,9,0.096,270.09,45.87,40.85,43.36,12
877,1999,10,0.11199999999999999,273.7,49.07,35.25,42.16,12
878,1999,11,0.13,276.23,53.99,30.98,42.48,12
879,1999,12,0.147,279.95,58.93,26.55,42.74,12
880,1999,13,0.16399999999999998,282.98,64.12,22.99,43.55,12
881,1999,14,0.18100000000000002,284.88,69.5,21.79,45.64,12
882,1999,15,0.203,287.06,73.95,18.99,46.47,12
883,1999,16,0.22899999999999998,289.32,73.95,17.81,45.88,12
884,1999,17,0.259,290.72,73.71,21.91,47.81,12
885,1999,18,0.292,291.66,75.34,33.19,54.27,12
886,1999,19,0.32,292.7,75.39,39.98,57.68,12
887,1999,20,0.34600000000000003,293.75,74.93,43.22,59.08,12
888,1999,21,0.368,295.1,76.65,37.94,57.29,12
889,1999,22,0.38,296.27,77.15,31.83,54.49,12
890,1999,23,0.387,297.26,77.95,25.65,51.8,12
891,1999,24,0.39299999999999996,298.03,77.65,20.42,49.04,12
892,1999,25,0.39399999999999996,298.3,74.75,21.2,47.97,12
893,1999,26,0.38799999999999996,298.21,69.2,24.49,46.84,12
894,1999,27,0.382,297.86,64.19,30.08,47.13,12
895,1999,28,0.377,297.39,63.22,37.87,50.54,12
896,1999,29,0.371,296.93,62.21,45.93,54.07,12
897,1999,30,0.361,296.4,60.38,52.42,56.41,12
898,1999,31,0.35200000000000004,295.56,58.39,59.45,58.92,12
899,1999,32,0.345,294.56,56.41,66.22,61.32,12
900,1999,33,0.345,293.9,58.76,64.92,61.84,12
901,1999,34,0.34600000000000003,293.43,64.48,58.83,61.66,12
902,1999,35,0.341,292.47,66.84,55.29,61.06,12
903,1999,36,0.33399999999999996,291.7,69.76,46.16,57.96,12
904,1999,37,0.322,291.07,71.76,36.71,54.24,12
905,1999,38,0.297,289.84,67.54,30.1,48.82,12
906,1999,39,0.264,287.63,59.45,34.21,46.83,12
907,1999,40,0.23600000000000002,284.61,56.4,50.73,53.57,12
908,1999,41,0.209,281.49,52.8,63.02,57.91,12
909,1999,42,0.183,278.95,44.48,65.93,55.21,12
910,1999,43,0.157,276.14,40.64,65.4,53.02,12
911,1999,44,0.13,273.52,35.55,57.36,46.45,12
912,1999,45,0.102,270.02,29.28,61.37,45.32,12
913,1999,46,0.081,267.97,26.47,54.75,40.61,12
914,1999,47,0.062,267.55,21.32,38.38,29.85,12
915,1999,48,0.049,267.16,17.72,30.59,24.16,12
916,1999,49,0.04,267.25,13.19,24.61,18.9,12
917,1999,50,0.033,267.33,7.79,21.3,14.54,12
918,1999,51,0.028999999999999998,266.45,5.78,21.3,13.54,12
919,1999,52,0.028999999999999998,265.86,5.11,20.65,12.88,12
920,2000,1,0.035,263.98,11.57,24.85,18.21,12
921,2000,2,0.04,263.11,16.07,30.15,23.11,12
922,2000,3,0.043,263.19,19.0,31.88,25.44,12
923,2000,4,0.048,263.33,24.8,34.78,29.79,12
924,2000,5,0.05,263.87,27.41,39.17,33.29,12
925,2000,6,0.055999999999999994,264.09,31.39,44.37,37.88,12
926,2000,7,0.057999999999999996,265.68,28.44,43.89,36.17,12
927,2000,8,0.061,268.25,26.87,40.27,33.57,12
928,2000,9,0.067,269.85,26.9,42.59,34.74,12
929,2000,10,0.073,271.56,26.6,46.11,36.36,12
930,2000,11,0.079,273.7,25.21,44.56,34.88,12
931,2000,12,0.085,276.01,23.63,48.64,36.14,12
932,2000,13,0.09300000000000001,278.7,22.19,49.21,35.7,12
933,2000,14,0.11,281.43,24.25,46.15,35.2,12
934,2000,15,0.13699999999999998,284.81,31.27,37.38,34.33,12
935,2000,16,0.174,287.53,40.76,33.71,37.23,12
936,2000,17,0.222,289.7,53.54,31.4,42.47,12
937,2000,18,0.258,291.37,57.87,35.04,46.45,12
938,2000,19,0.282,292.62,55.05,39.63,47.34,12
939,2000,20,0.3,293.82,50.52,41.31,45.91,12
940,2000,21,0.318,295.19,48.76,35.92,42.34,12
941,2000,22,0.33,295.87,48.58,35.43,42.0,12
942,2000,23,0.33799999999999997,296.24,48.8,36.25,42.52,12
943,2000,24,0.344,296.21,49.38,40.17,44.78,12
944,2000,25,0.344,296.04,46.84,47.33,47.08,12
945,2000,26,0.336,295.53,39.85,55.67,47.76,12
946,2000,27,0.32799999999999996,295.08,34.38,61.89,48.13,12
947,2000,28,0.321,294.69,32.82,67.47,50.14,12
948,2000,29,0.315,294.4,32.3,72.94,52.62,12
949,2000,30,0.317,294.79,37.8,69.37,53.59,12
950,2000,31,0.315,294.63,39.75,69.38,54.57,12
951,2000,32,0.304,293.82,36.51,73.85,55.18,12
952,2000,33,0.292,293.13,32.91,73.58,53.24,12
953,2000,34,0.27399999999999997,292.24,28.29,73.51,50.9,12
954,2000,35,0.258,290.63,25.62,78.47,52.04,12
955,2000,36,0.24600000000000002,288.96,26.13,80.92,53.52,12
956,2000,37,0.23399999999999999,287.83,26.97,79.66,53.31,12
957,2000,38,0.221,287.27,27.95,65.7,46.83,12
958,2000,39,0.203,286.9,28.15,44.12,36.13,12
959,2000,40,0.182,286.4,27.72,24.65,26.18,12
960,2000,41,0.152,285.0,22.6,15.13,18.87,12
961,2000,42,0.11800000000000001,283.39,16.15,13.63,14.89,12
962,2000,43,0.092,281.71,13.57,11.95,12.76,12
963,2000,44,0.067,279.92,11.37,4.24,7.81,12
964,2000,45,0.05,278.14,9.87,3.1,6.49,12
965,2000,46,0.04,276.28,9.73,3.43,6.58,12
966,2000,47,0.031,274.6,10.2,3.23,6.71,12
967,2000,48,0.027000000000000003,273.6,10.87,4.24,7.56,12
968,2000,49,0.028999999999999998,272.29,11.72,6.79,9.25,12
969,2000,50,0.028999999999999998,270.39,11.75,10.12,10.94,12
970,2000,51,0.027999999999999997,268.23,10.75,13.81,12.28,12
971,2000,52,0.055,265.91,37.35,20.23,28.79,12
972,2001,1,0.057,263.66,40.55,25.84,33.19,12
973,2001,2,0.057,261.52,37.56,36.76,37.16,12
974,2001,3,0.057999999999999996,259.42,36.21,48.77,42.49,12
975,2001,4,0.06,258.77,37.19,53.99,45.59,12
976,2001,5,0.064,258.34,38.8,60.36,49.58,12
977,2001,6,0.073,258.96,41.54,62.42,51.98,12
978,2001,7,0.077,259.77,39.12,65.42,52.27,12
979,2001,8,0.085,262.19,39.73,63.3,51.51,12
980,2001,9,0.095,265.58,41.53,59.2,50.37,12
981,2001,10,0.107,268.85,43.42,56.98,50.2,12
982,2001,11,0.124,272.35,48.14,50.31,49.23,12
983,2001,12,0.141,276.44,53.02,46.07,49.55,12
984,2001,13,0.158,279.88,58.47,42.29,50.38,12
985,2001,14,0.17600000000000002,282.85,63.37,37.0,50.19,12
986,2001,15,0.18899999999999997,285.04,62.47,37.09,49.78,12
987,2001,16,0.20800000000000002,287.0,59.52,40.18,49.85,12
988,2001,17,0.242,288.95,64.35,40.13,52.24,12
989,2001,18,0.292,290.61,75.48,44.43,59.96,12
990,2001,19,0.326,291.53,78.39,53.45,65.92,12
991,2001,20,0.34600000000000003,292.06,75.22,62.17,68.7,12
992,2001,21,0.358,292.32,71.23,68.45,69.84,12
993,2001,22,0.363,292.31,67.87,74.58,71.23,12
994,2001,23,0.361,292.21,62.6,79.73,71.16,12
995,2001,24,0.363,292.78,59.97,78.32,69.14,12
996,2001,25,0.368,294.08,60.11,69.35,64.73,12
997,2001,26,0.37,295.23,59.69,58.03,58.86,12
998,2001,27,0.369,296.37,57.37,45.94,51.66,12
999,2001,28,0.36,297.02,53.58,40.51,47.04,12
1000,2001,29,0.35,297.16,50.1,42.66,46.38,12
1001,2001,30,0.344,297.37,50.67,42.4,46.54,12
1002,2001,31,0.337,297.42,49.87,39.87,44.87,12
1003,2001,32,0.32299999999999995,296.68,43.16,42.85,43.0,12
1004,2001,33,0.307,295.55,36.77,44.76,40.76,12
1005,2001,34,0.29100000000000004,294.3,33.39,47.1,40.24,12
1006,2001,35,0.278,292.45,32.13,55.37,43.75,12
1007,2001,36,0.27,290.69,34.72,59.27,46.99,12
1008,2001,37,0.266,289.13,40.58,63.25,51.92,12
1009,2001,38,0.261,288.09,46.84,55.38,51.11,12
1010,2001,39,0.26,287.04,57.42,42.87,50.14,12
1011,2001,40,0.252,285.15,66.58,43.04,54.81,12
1012,2001,41,0.239,282.53,72.52,49.18,60.85,12
1013,2001,42,0.226,280.31,70.99,50.7,60.84,12
1014,2001,43,0.21,277.62,73.97,51.74,62.85,12
1015,2001,44,0.193,274.63,75.86,48.37,62.11,12
1016,2001,45,0.172,271.64,77.02,50.01,63.52,12
1017,2001,46,0.146,267.95,75.32,54.79,65.05,12
1018,2001,47,0.12,263.85,69.17,58.53,63.85,12
1019,2001,48,0.099,259.4,60.55,70.61,65.58,12
1020,2001,49,0.08800000000000001,256.19,55.38,78.06,66.72,12
1021,2001,50,0.083,255.42,53.23,77.96,65.59,12
1022,2001,51,0.078,254.94,50.01,73.56,61.79,12
1023,2001,52,0.076,254.62,49.54,69.59,59.57,12
1024,2002,1,0.07200000000000001,254.16,49.71,68.27,58.99,12
1025,2002,2,0.07,255.47,43.77,63.78,53.77,12
1026,2002,3,0.076,259.12,47.26,49.23,48.25,12
1027,2002,4,0.084,262.18,54.25,38.45,46.35,12
1028,2002,5,0.092,264.58,60.74,34.62,47.68,12
1029,2002,6,0.10300000000000001,267.35,65.8,28.69,47.24,12
1030,2002,7,0.121,270.65,72.11,20.53,46.32,12
1031,2002,8,0.136,273.14,75.21,17.12,46.17,12
1032,2002,9,0.149,275.38,76.32,15.87,46.1,12
1033,2002,10,0.158,277.1,75.29,18.44,46.86,12
1034,2002,11,0.171,279.7,77.53,12.12,44.82,12
1035,2002,12,0.185,282.1,80.12,14.25,47.19,12
1036,2002,13,0.196,283.8,83.54,17.79,50.66,12
1037,2002,14,0.20600000000000002,285.03,85.55,20.43,52.99,12
1038,2002,15,0.218,287.06,84.42,18.82,51.62,12
1039,2002,16,0.237,289.34,79.37,18.2,48.79,12
1040,2002,17,0.258,290.58,74.67,23.89,49.28,12
1041,2002,18,0.27899999999999997,291.1,70.66,39.88,55.27,12
1042,2002,19,0.307,292.17,70.26,46.88,58.57,12
1043,2002,20,0.33,293.41,67.03,47.53,57.28,12
1044,2002,21,0.345,294.16,64.16,48.66,56.41,12
1045,2002,22,0.35,294.73,60.29,49.01,54.65,12
1046,2002,23,0.35600000000000004,295.12,59.19,49.37,54.28,12
1047,2002,24,0.361,295.79,58.31,46.06,52.18,12
1048,2002,25,0.36700000000000005,296.69,59.23,40.57,49.9,12
1049,2002,26,0.368,297.3,57.78,35.95,46.86,12
1050,2002,27,0.368,297.95,56.66,29.94,43.3,12
1051,2002,28,0.364,298.56,55.51,25.81,40.66,12
1052,2002,29,0.353,298.63,51.61,28.76,40.18,12
1053,2002,30,0.34,298.12,48.3,35.52,41.91,12
1054,2002,31,0.32899999999999996,297.56,45.96,39.27,42.62,12
1055,2002,32,0.325,296.87,45.28,41.88,43.58,12
1056,2002,33,0.318,296.09,43.64,39.71,41.68,12
1057,2002,34,0.304,294.86,40.62,40.92,40.77,12
1058,2002,35,0.28300000000000003,293.1,34.79,47.54,41.16,12
1059,2002,36,0.262,291.04,29.98,55.58,42.78,12
1060,2002,37,0.25,288.52,31.23,71.84,51.54,12
1061,2002,38,0.243,286.12,36.01,82.82,59.42,12
1062,2002,39,0.24100000000000002,283.95,45.4,86.25,65.82,12
1063,2002,40,0.23800000000000002,282.43,56.31,81.79,69.05,12
1064,2002,41,0.22899999999999998,280.98,63.88,70.29,67.08,12
1065,2002,42,0.212,278.85,62.43,67.92,65.17,12
1066,2002,43,0.188,276.76,58.99,60.11,59.55,12
1067,2002,44,0.16399999999999998,274.3,55.09,51.25,53.17,12
1068,2002,45,0.145,271.65,55.14,50.02,52.58,12
1069,2002,46,0.132,268.83,61.35,49.33,55.34,12
1070,2002,47,0.12300000000000001,265.86,69.19,47.43,58.31,12
1071,2002,48,0.11699999999999999,263.79,73.64,47.62,60.63,12
1072,2002,49,0.11599999999999999,262.82,75.88,45.72,60.8,12
1073,2002,50,0.11699999999999999,261.6,78.03,48.8,63.42,12
1074,2002,51,0.115,260.71,77.98,47.96,62.97,12
1075,2002,52,0.109,260.17,74.82,46.09,60.45,12
1076,2003,1,0.10099999999999999,260.46,70.59,41.13,55.86,12
1077,2003,2,0.09300000000000001,260.41,62.51,43.22,52.87,12
1078,2003,3,0.08800000000000001,260.34,56.8,46.42,51.61,12
1079,2003,4,0.08800000000000001,260.81,55.18,47.11,51.14,12
1080,2003,5,0.08900000000000001,261.58,53.54,49.77,51.66,12
1081,2003,6,0.09,262.35,50.45,52.47,51.46,12
1082,2003,7,0.092,263.31,47.24,55.37,51.3,12
1083,2003,8,0.09300000000000001,264.24,43.33,59.99,51.66,12
1084,2003,9,0.098,266.16,42.88,61.32,52.1,12
1085,2003,10,0.11,268.71,44.79,61.03,52.91,12
1086,2003,11,0.128,271.58,50.37,57.06,53.72,12
1087,2003,12,0.14800000000000002,274.92,56.22,55.99,56.11,12
1088,2003,13,0.166,278.23,60.88,53.4,57.14,12
1089,2003,14,0.184,281.39,65.61,47.75,56.68,12
1090,2003,15,0.20199999999999999,284.14,67.67,44.47,56.07,12
1091,2003,16,0.222,286.42,64.69,45.13,54.91,12
1092,2003,17,0.24600000000000002,288.79,63.33,41.46,52.4,12
1093,2003,18,0.271,291.16,62.69,38.83,50.76,12
1094,2003,19,0.29600000000000004,293.2,61.1,34.64,47.87,12
1095,2003,20,0.319,294.6,59.54,33.02,46.28,12
1096,2003,21,0.33299999999999996,295.13,56.61,37.17,46.89,12
1097,2003,22,0.342,295.34,55.34,42.01,48.67,12
1098,2003,23,0.34700000000000003,295.44,53.24,45.04,49.14,12
1099,2003,24,0.33899999999999997,294.91,46.39,54.25,50.32,12
1100,2003,25,0.327,294.3,37.95,65.38,51.67,12
1101,2003,26,0.316,293.74,30.86,73.36,52.11,12
1102,2003,27,0.312,293.64,28.13,75.14,51.64,12
1103,2003,28,0.319,294.02,32.57,72.73,52.65,12
1104,2003,29,0.32899999999999996,294.25,39.64,73.61,56.62,12
1105,2003,30,0.33799999999999997,294.43,48.23,72.96,60.59,12
1106,2003,31,0.344,294.31,54.78,72.63,63.7,12
1107,2003,32,0.348,294.11,58.49,71.2,64.85,12
1108,2003,33,0.345,293.74,59.68,67.2,63.44,12
1109,2003,34,0.34,292.55,60.83,69.81,65.32,12
1110,2003,35,0.33899999999999997,291.75,65.59,64.91,65.25,12
1111,2003,36,0.33399999999999996,291.1,68.97,54.7,61.84,12
1112,2003,37,0.32,289.77,70.22,55.08,62.65,12
1113,2003,38,0.297,288.18,67.14,54.13,60.64,12
1114,2003,39,0.267,286.13,61.21,55.4,58.3,12
1115,2003,40,0.228,283.29,50.94,68.17,59.56,12
1116,2003,41,0.2,280.8,46.15,71.65,58.9,12
1117,2003,42,0.18,278.67,42.82,69.36,56.09,12
1118,2003,43,0.161,276.83,42.26,59.14,50.7,12
1119,2003,44,0.142,274.76,41.43,47.27,44.35,12
1120,2003,45,0.121,272.88,38.84,40.75,39.8,12
1121,2003,46,0.1,270.71,36.35,36.58,36.46,12
1122,2003,47,0.086,267.02,37.33,40.51,38.92,12
1123,2003,48,0.081,264.0,43.37,46.69,45.03,12
1124,2003,49,0.08,260.25,48.51,58.01,53.26,12
1125,2003,50,0.081,255.77,53.33,76.03,64.68,12
1126,2003,51,0.078,249.52,54.67,92.51,73.59,12
1127,2003,52,0.071,241.68,51.92,98.65,75.28,12
1128,2004,1,0.069,235.84,54.0,99.68,76.84,12
1129,2004,5,0.075,241.6,53.13,99.59,76.36,12
1130,2004,6,0.08,248.07,52.06,95.97,74.02,12
1131,2004,7,0.08800000000000001,253.8,50.42,90.7,70.56,12
1132,2004,8,0.094,258.1,48.66,85.36,67.01,12
1133,2004,9,0.099,261.35,46.34,82.23,64.29,12
1134,2004,10,0.099,262.33,40.95,86.71,63.83,12
1135,2004,25,0.341,296.68,44.94,37.85,41.4,12
1136,2004,26,0.34,297.25,43.04,34.14,38.59,12
1137,2004,27,0.336,296.85,40.26,40.87,40.56,12
1138,2004,28,0.33399999999999996,296.6,40.48,46.11,43.3,12
1139,2004,30,0.331,295.98,44.97,57.83,51.4,12
1140,2004,31,0.33399999999999996,295.71,49.57,58.84,54.2,12
1141,2004,32,0.33799999999999997,295.31,54.01,58.54,56.28,12
1142,2004,33,0.33899999999999997,294.69,56.87,55.59,56.23,12
1143,2004,34,0.345,294.09,64.68,50.07,57.38,12
1144,2004,35,0.34600000000000003,293.38,69.72,43.12,56.42,12
1145,2004,36,0.33399999999999996,292.44,70.02,36.29,53.15,12
1146,2004,37,0.316,291.05,68.5,36.8,52.65,12
1147,2004,38,0.293,288.91,65.03,43.32,54.17,12
1148,2004,39,0.27,286.73,63.45,46.99,55.22,12
1149,2004,40,0.24600000000000002,284.65,62.96,49.62,56.29,12
1150,2004,41,0.21899999999999997,282.48,59.73,48.79,54.26,12
1151,2004,42,0.198,280.43,54.22,48.55,51.38,12
1152,2004,43,0.179,278.32,54.1,44.52,49.31,12
1153,2004,44,0.156,275.14,51.44,43.24,47.34,12
1154,2004,45,0.129,270.81,46.32,54.53,50.42,12
1155,2004,46,0.106,265.43,43.52,66.83,55.17,12
1156,2004,47,0.09300000000000001,262.1,46.85,64.42,55.63,12
1157,2004,48,0.083,259.98,48.77,63.78,56.27,12
1158,2004,49,0.075,258.86,45.86,62.33,54.1,12
1159,2004,50,0.07200000000000001,258.63,45.96,60.34,53.15,12
1160,2004,51,0.07400000000000001,258.85,50.56,54.48,52.52,12
1161,2004,52,0.075,257.62,52.01,54.39,53.2,12
1162,2005,1,0.073,256.16,54.88,56.02,55.45,12
1163,2005,2,0.075,255.87,52.04,57.73,54.89,12
1164,2005,3,0.073,255.44,47.76,62.68,55.22,12
1165,2005,4,0.07200000000000001,255.05,45.66,68.01,56.84,12
1166,2005,5,0.069,254.26,41.32,75.43,58.37,12
1167,2005,6,0.066,254.9,36.35,80.6,58.47,12
1168,2005,7,0.066,256.33,33.13,82.39,57.76,12
1169,2005,8,0.068,258.53,30.22,82.72,56.47,12
1170,2005,9,0.071,260.28,28.76,84.05,56.4,12
1171,2005,10,0.077,262.33,27.86,85.5,56.68,12
1172,2005,11,0.08900000000000001,266.08,29.51,81.95,55.73,12
1173,2005,12,0.105,270.24,33.04,79.65,56.34,12
1174,2005,13,0.122,274.14,36.92,77.8,57.36,12
1175,2005,14,0.138,277.92,39.66,72.17,55.92,12
1176,2005,15,0.154,281.56,39.34,64.78,52.06,12
1177,2005,16,0.171,283.99,36.09,64.8,50.44,12
1178,2005,17,0.191,285.41,34.78,69.52,52.15,12
1179,2005,18,0.221,287.01,36.87,75.84,56.36,12
1180,2005,19,0.258,289.18,41.04,74.54,57.79,12
1181,2005,20,0.297,291.88,47.42,62.2,54.81,12
1182,2005,21,0.33,294.08,54.09,48.18,51.13,12
1183,2005,22,0.348,294.71,57.95,47.62,52.79,12
1184,2005,24,0.36700000000000005,295.44,61.08,48.47,54.78,12
1185,2005,25,0.37,295.51,60.54,53.07,56.81,12
1186,2005,26,0.369,295.47,58.28,56.29,57.28,12
1187,2005,27,0.371,295.82,57.66,53.71,55.69,12
1188,2005,28,0.37,296.14,58.86,52.08,55.47,12
1189,2005,29,0.36700000000000005,296.25,58.65,54.23,56.44,12
1190,2005,30,0.358,295.84,57.85,59.09,58.47,12
1191,2005,31,0.35700000000000004,295.7,60.33,58.73,59.53,12
1192,2005,32,0.36,295.63,63.57,55.01,59.29,12
1193,2005,33,0.36,295.54,65.8,45.45,55.62,12
1194,2005,34,0.358,295.23,68.34,35.28,51.81,12
1195,2005,35,0.349,294.55,68.78,27.9,48.34,12
1196,2005,36,0.342,293.8,70.58,19.11,44.85,12
1197,2005,37,0.331,292.87,73.07,14.0,43.53,12
1198,2005,38,0.311,291.54,71.45,9.49,40.47,12
1199,2005,39,0.28600000000000003,289.93,69.47,6.1,37.78,12
1200,2005,40,0.266,287.44,71.4,11.98,41.69,12
1201,2005,41,0.242,284.99,70.73,15.94,43.34,12
1202,2005,42,0.215,282.69,62.19,22.17,42.18,12
1203,2005,43,0.184,280.23,56.14,26.31,41.23,12
1204,2005,44,0.155,277.43,51.31,23.98,37.64,12
1205,2005,45,0.126,274.07,45.71,31.57,38.64,12
1206,2005,46,0.102,270.29,42.71,39.49,41.1,12
1207,2005,47,0.087,266.7,42.56,42.47,42.52,12
1208,2005,48,0.075,264.07,42.09,45.87,43.98,12
1209,2005,49,0.07,262.27,42.28,48.0,45.14,12
1210,2005,50,0.07,261.76,44.79,47.42,46.11,12
1211,2005,51,0.071,261.54,47.31,43.49,45.4,12
1212,2005,52,0.07200000000000001,261.24,48.05,40.57,44.31,12
1213,2006,1,0.073,259.77,53.43,43.13,48.28,12
1214,2006,2,0.077,259.02,53.65,48.68,51.17,12
1215,2006,3,0.08,258.97,52.94,52.56,52.75,12
1216,2006,4,0.079,258.83,51.04,56.94,53.99,12
1217,2006,5,0.076,259.19,47.0,61.33,54.17,12
1218,2006,6,0.073,260.18,41.34,62.81,52.07,12
1219,2006,7,0.071,261.52,35.96,63.85,49.91,12
1220,2006,8,0.071,263.63,32.7,62.95,47.83,12
1221,2006,9,0.071,265.59,29.37,64.06,46.72,12
1222,2006,10,0.075,267.91,26.89,65.23,46.06,12
1223,2006,11,0.08,270.73,25.1,61.55,43.32,12
1224,2006,12,0.08800000000000001,273.68,24.31,62.48,43.39,12
1225,2006,13,0.10099999999999999,276.97,25.92,60.39,43.16,12
1226,2006,14,0.11599999999999999,280.14,27.38,56.07,41.72,12
1227,2006,15,0.136,283.07,29.36,52.62,40.99,12
1228,2006,16,0.161,285.61,31.43,51.79,41.61,12
1229,2006,17,0.182,287.25,30.81,56.25,43.53,12
1230,2006,18,0.20600000000000002,288.74,28.7,64.66,46.68,12
1231,2006,19,0.23,289.88,25.74,71.68,48.71,12
1232,2006,20,0.254,290.57,24.72,78.81,51.76,12
1233,2006,21,0.281,291.25,27.98,79.85,53.91,12
1234,2006,22,0.307,291.96,35.1,77.85,56.48,12
1235,2006,23,0.332,292.91,45.71,71.96,58.83,12
1236,2006,24,0.35600000000000004,294.16,56.67,63.18,59.93,12
1237,2006,25,0.375,295.24,64.48,56.43,60.45,12
1238,2006,26,0.391,296.11,71.48,48.95,60.21,12
1239,2006,27,0.4,296.69,75.28,43.75,59.52,12
1240,2006,28,0.39799999999999996,296.9,76.47,43.41,59.94,12
1241,2006,29,0.396,296.9,76.55,47.05,61.8,12
1242,2006,30,0.389,296.71,76.57,50.59,63.58,12
1243,2006,31,0.381,296.5,75.11,50.88,62.99,12
1244,2006,32,0.366,296.21,69.36,49.01,59.19,12
1245,2006,33,0.348,295.55,61.71,45.67,53.69,12
1246,2006,34,0.335,294.7,58.76,42.58,50.67,12
1247,2006,35,0.331,293.81,62.02,37.77,49.89,12
1248,2006,36,0.32299999999999995,292.82,63.86,31.39,47.63,12
1249,2006,37,0.311,291.87,65.47,26.0,45.74,12
1250,2006,38,0.29600000000000004,290.52,66.55,20.77,43.66,12
1251,2006,39,0.281,288.86,68.62,16.7,42.66,12
1252,2006,40,0.261,286.97,70.83,16.56,43.69,12
1253,2006,41,0.231,284.73,65.72,18.49,42.1,12
1254,2006,42,0.205,282.26,57.91,26.44,42.17,12
1255,2006,43,0.182,279.65,54.75,30.9,42.82,12
1256,2006,44,0.157,277.01,50.4,26.48,38.44,12
1257,2006,45,0.13,274.59,44.06,26.89,35.47,12
1258,2006,46,0.105,272.28,38.66,26.1,32.38,12
1259,2006,47,0.091,270.95,38.8,19.75,29.27,12
1260,2006,48,0.087,270.5,43.89,15.38,29.64,12
1261,2006,49,0.081,269.93,43.1,13.43,28.26,12
1262,2006,50,0.079,269.04,43.5,13.94,28.72,12
1263,2006,51,0.077,267.58,45.6,16.01,30.81,12
1264,2006,52,0.078,266.4,49.15,17.78,33.47,12
1265,2007,1,0.078,265.54,57.03,17.03,37.03,12
1266,2007,2,0.077,264.24,52.27,23.3,37.78,12
1267,2007,3,0.078,263.36,51.06,28.51,39.78,12
1268,2007,4,0.08,262.93,52.89,34.3,43.6,12
1269,2007,5,0.08199999999999999,262.69,52.06,42.77,47.42,12
1270,2007,6,0.08199999999999999,262.65,47.73,49.69,48.71,12
1271,2007,7,0.085,263.09,44.78,54.37,49.58,12
1272,2007,8,0.094,265.35,46.05,52.4,49.23,12
1273,2007,9,0.10400000000000001,268.96,47.93,45.53,46.73,12
1274,2007,10,0.11699999999999999,273.08,50.92,37.05,43.99,12
1275,2007,11,0.132,276.9,54.63,25.88,40.25,12
1276,2007,12,0.14300000000000002,279.7,56.29,26.84,41.57,12
1277,2007,13,0.159,282.51,60.78,25.27,43.03,12
1278,2007,14,0.179,284.97,68.29,20.7,44.5,12
1279,2007,15,0.195,286.42,69.2,24.01,46.61,12
1280,2007,16,0.217,287.92,66.32,30.24,48.28,12
1281,2007,17,0.242,289.77,64.06,30.69,47.38,12
1282,2007,18,0.271,291.75,63.74,31.66,47.7,12
1283,2007,19,0.298,293.47,62.13,30.99,46.56,12
1284,2007,20,0.319,294.9,59.23,29.3,44.26,12
1285,2007,21,0.34,296.14,59.53,25.43,42.48,12
1286,2007,22,0.35,296.94,58.89,23.34,41.12,12
1287,2007,23,0.355,297.36,57.25,22.98,40.12,12
1288,2007,24,0.35600000000000004,297.11,54.18,28.42,41.3,12
1289,2007,25,0.35100000000000003,296.67,49.3,38.1,43.7,12
1290,2007,26,0.35100000000000003,296.76,47.67,39.65,43.66,12
1291,2007,27,0.355,297.31,49.25,35.59,42.42,12
1292,2007,28,0.35700000000000004,297.36,52.09,38.1,45.09,12
1293,2007,29,0.36,297.16,55.5,43.87,49.69,12
1294,2007,30,0.355,297.0,56.85,46.82,51.83,12
1295,2007,31,0.348,296.84,56.5,46.57,51.54,12
1296,2007,32,0.34299999999999997,296.56,54.99,44.54,49.77,12
1297,2007,33,0.331,295.72,50.05,42.74,46.4,12
1298,2007,34,0.322,294.72,49.35,41.59,45.47,12
1299,2007,35,0.315,293.53,50.67,40.66,45.66,12
1300,2007,36,0.309,292.3,54.09,37.99,46.04,12
1301,2007,37,0.29600000000000004,290.76,56.01,41.13,48.57,12
1302,2007,38,0.281,289.24,57.15,38.96,48.05,12
1303,2007,39,0.258,287.41,55.26,37.54,46.4,12
1304,2007,40,0.23800000000000002,285.65,56.18,35.74,45.96,12
1305,2007,41,0.21,283.11,52.65,41.05,46.85,12
1306,2007,42,0.17600000000000002,279.36,40.03,61.11,50.57,12
1307,2007,43,0.14,275.42,29.27,72.1,50.68,12
1308,2007,44,0.11599999999999999,272.11,25.69,69.32,47.5,12
1309,2007,45,0.099,268.81,25.3,70.52,47.91,12
1310,2007,46,0.083,265.48,24.93,70.96,47.94,12
1311,2007,47,0.066,261.96,22.69,69.0,45.84,12
1312,2007,48,0.057,259.41,23.21,70.08,46.64,12
1313,2007,49,0.05,257.43,22.7,71.8,47.25,12
1314,2007,50,0.046,256.37,21.33,74.09,47.71,12
1315,2007,51,0.047,256.75,24.09,66.65,45.37,12
1316,2007,52,0.05,258.07,27.31,55.75,41.53,12
1317,2008,1,0.057,260.02,34.54,43.68,39.11,12
1318,2008,2,0.067,261.9,42.2,36.37,39.29,12
1319,2008,3,0.08,263.34,51.4,31.63,41.52,12
1320,2008,4,0.08900000000000001,265.24,58.09,25.76,41.92,12
1321,2008,5,0.09699999999999999,266.99,61.51,24.33,42.92,12
1322,2008,6,0.105,268.78,63.19,22.47,42.83,12
1323,2008,7,0.115,270.89,63.34,19.19,41.27,12
1324,2008,8,0.121,272.88,62.26,18.1,40.18,12
1325,2008,9,0.124,274.76,59.69,18.4,39.04,12
1326,2008,10,0.127,276.35,56.95,21.6,39.27,12
1327,2008,11,0.136,278.09,57.36,20.38,38.87,12
1328,2008,12,0.14400000000000002,280.09,57.16,25.33,41.24,12
1329,2008,13,0.158,282.16,61.24,27.9,44.57,12
1330,2008,14,0.18,284.49,69.67,24.46,47.07,12
1331,2008,15,0.209,286.57,78.64,23.16,50.9,12
1332,2008,16,0.25,288.32,85.87,27.19,56.53,12
1333,2008,17,0.28600000000000003,289.61,88.04,32.92,60.48,12
1334,2008,18,0.313,290.44,86.46,46.0,66.23,12
1335,2008,19,0.336,291.62,83.37,51.68,67.52,12
1336,2008,20,0.34700000000000003,292.7,74.99,54.18,64.58,12
1337,2008,21,0.35700000000000004,293.61,69.53,53.26,61.39,12
1338,2008,22,0.36,294.28,65.01,52.09,58.55,12
1339,2008,23,0.365,295.05,63.63,48.13,55.88,12
1340,2008,24,0.377,295.9,66.36,42.61,54.48,12
1341,2008,25,0.38299999999999995,296.35,67.42,42.64,55.03,12
1342,2008,26,0.386,296.86,67.42,39.68,53.55,12
1343,2008,27,0.386,297.39,66.37,35.64,51.0,12
1344,2008,28,0.385,297.52,67.36,36.97,52.17,12
1345,2008,29,0.385,297.7,69.32,38.69,54.0,12
1346,2008,30,0.379,297.86,69.38,38.39,53.88,12
1347,2008,31,0.36700000000000005,296.73,65.99,47.79,56.89,12
1348,2008,32,0.359,296.32,63.81,47.34,55.57,12
1349,2008,33,0.34700000000000003,297.01,59.47,27.97,43.71,12
1350,2008,34,0.33,296.31,54.01,21.66,37.84,12
1351,2008,35,0.308,295.05,47.3,20.86,34.08,12
1352,2008,36,0.282,293.24,40.54,25.01,32.78,12
1353,2008,37,0.259,291.18,36.13,35.04,35.59,12
1354,2008,38,0.24,289.5,34.33,35.01,34.67,12
1355,2008,39,0.228,288.1,37.45,27.62,32.53,12
1356,2008,40,0.218,286.77,43.94,19.89,31.92,12
1357,2008,41,0.20800000000000002,285.39,50.33,10.07,30.2,12
1358,2008,42,0.19699999999999998,284.23,52.1,3.6,27.85,12
1359,2008,43,0.183,282.75,54.9,1.76,28.33,12
1360,2008,44,0.163,279.15,54.07,8.89,31.48,12
1361,2008,45,0.147,276.15,57.08,16.08,36.58,12
1362,2008,46,0.131,274.23,61.79,14.48,38.14,12
1363,2008,47,0.111,270.46,60.84,22.9,41.87,12
1364,2008,48,0.092,266.97,55.09,32.7,43.9,12
1365,2008,49,0.076,263.71,45.89,42.22,44.05,12
1366,2008,50,0.067,261.3,41.24,50.36,45.8,12
1367,2008,51,0.063,259.92,40.62,51.3,45.96,12
1368,2008,52,0.062,259.03,40.0,50.42,45.21,12
1369,2009,1,0.06,258.41,41.05,49.04,45.05,12
1370,2009,2,0.06,258.81,37.67,48.3,42.98,12
1371,2009,3,0.062,260.02,37.75,45.29,41.52,12
1372,2009,4,0.061,261.33,37.24,43.14,40.19,12
1373,2009,5,0.06,261.9,34.75,47.67,41.21,12
1374,2009,6,0.062,262.86,35.01,49.75,42.38,12
1375,2009,7,0.068,264.85,35.37,47.55,41.46,12
1376,2009,8,0.071,266.59,34.28,47.99,41.13,12
1377,2009,9,0.077,268.02,34.2,51.46,42.82,12
1378,2009,10,0.086,269.95,35.2,54.4,44.8,12
1379,2009,11,0.102,273.02,39.07,48.84,43.96,12
1380,2009,12,0.121,276.87,44.91,44.43,44.67,12
1381,2009,13,0.145,280.61,53.61,38.01,45.81,12
1382,2009,14,0.174,283.96,65.75,28.45,47.1,12
1383,2009,15,0.2,286.89,72.38,20.52,46.45,12
1384,2009,16,0.22399999999999998,289.31,70.62,18.42,44.52,12
1385,2009,17,0.245,291.25,66.49,17.58,42.03,12
1386,2009,18,0.266,292.75,62.11,22.43,42.27,12
1387,2009,19,0.289,294.25,58.92,23.19,41.06,12
1388,2009,20,0.308,295.32,53.84,25.12,39.48,12
1389,2009,21,0.322,295.86,50.03,28.81,39.42,12
1390,2009,22,0.33899999999999997,296.47,52.8,29.05,40.92,12
1391,2009,23,0.358,297.41,58.93,23.55,41.24,12
1392,2009,24,0.371,298.26,61.95,17.02,39.49,12
1393,2009,25,0.377,298.77,62.85,14.78,38.82,12
1394,2009,26,0.377,298.87,61.21,16.09,38.65,12
1395,2009,27,0.381,298.99,62.3,16.76,39.53,12
1396,2009,28,0.37,298.6,58.19,24.27,41.23,12
1397,2009,29,0.35600000000000004,298.19,52.12,32.52,42.32,12
1398,2009,30,0.345,297.7,50.3,39.28,44.79,12
1399,2009,31,0.341,297.38,51.08,40.71,45.9,12
1400,2009,32,0.337,296.99,50.36,39.78,45.07,12
1401,2009,33,0.32799999999999996,296.5,47.97,33.74,40.86,12
1402,2009,34,0.315,296.11,45.03,23.8,34.42,12
1403,2009,35,0.304,295.62,44.92,13.39,29.15,12
1404,2009,36,0.292,294.71,45.69,5.83,25.76,12
1405,2009,37,0.278,293.45,46.96,4.49,25.73,12
1406,2009,38,0.263,291.4,47.76,8.1,27.93,12
1407,2009,39,0.247,289.22,49.22,11.22,30.22,12
1408,2009,40,0.23,287.56,52.29,8.12,30.21,12
1409,2009,41,0.204,285.34,48.82,10.28,29.55,12
1410,2009,42,0.17600000000000002,282.39,39.94,25.13,32.53,12
1411,2009,43,0.152,279.27,36.53,34.79,35.66,12
1412,2009,44,0.129,276.06,33.46,34.75,34.1,12
1413,2009,45,0.109,273.09,30.75,38.1,34.43,12
1414,2009,46,0.094,270.45,32.45,37.91,35.18,12
1415,2009,47,0.083,267.32,35.86,39.35,37.61,12
1416,2009,48,0.076,263.92,39.15,47.65,43.4,12
1417,2009,49,0.073,260.28,42.17,58.55,50.36,12
1418,2009,50,0.069,256.72,43.31,72.03,57.67,12
1419,2009,51,0.063,253.06,41.22,82.13,61.68,12
1420,2009,52,0.059000000000000004,251.39,39.46,83.23,61.35,12
1421,2010,1,0.051,249.59,29.24,84.04,56.64,12
1422,2010,2,0.05,249.73,25.62,85.55,55.59,12
1423,2010,3,0.048,249.06,22.52,89.77,56.14,12
1424,2010,4,0.048,249.02,22.67,91.06,56.87,12
1425,2010,5,0.049,250.03,21.7,89.03,55.36,12
1426,2010,6,0.048,251.46,20.02,86.49,53.25,12
1427,2010,7,0.049,253.75,18.89,83.54,51.21,12
1428,2010,8,0.051,256.18,18.76,81.39,50.08,12
1429,2010,9,0.057,259.46,20.14,77.4,48.77,12
1430,2010,10,0.068,263.79,22.94,72.54,47.74,12
1431,2010,11,0.081,268.03,26.2,67.59,46.9,12
1432,2010,12,0.09699999999999999,273.55,29.79,59.7,44.74,12
1433,2010,13,0.11199999999999999,278.53,32.94,49.34,41.14,12
1434,2010,14,0.132,282.78,38.57,36.67,37.62,12
1435,2010,15,0.156,286.35,43.85,24.93,34.39,12
1436,2010,16,0.182,288.66,44.55,23.55,34.05,12
1437,2010,17,0.212,290.56,47.39,23.4,35.4,12
1438,2010,18,0.237,292.22,45.4,26.94,36.17,12
1439,2010,19,0.263,293.51,43.3,30.55,36.92,12
1440,2010,20,0.289,294.42,43.99,34.82,39.4,12
1441,2010,21,0.316,295.2,47.67,35.63,41.65,12
1442,2010,22,0.336,295.9,51.74,34.6,43.17,12
1443,2010,23,0.34600000000000003,296.55,53.4,31.63,42.52,12
1444,2010,24,0.35100000000000003,297.36,52.46,25.92,39.19,12
1445,2010,25,0.35200000000000004,298.13,51.3,22.03,36.66,12
1446,2010,26,0.35100000000000003,298.78,48.88,17.53,33.21,12
1447,2010,27,0.35600000000000004,299.66,50.54,11.38,30.96,12
1448,2010,28,0.359,300.34,53.51,9.43,31.47,12
1449,2010,29,0.359,301.04,55.58,7.34,31.46,12
1450,2010,30,0.359,301.62,58.99,5.2,32.1,12
1451,2010,31,0.34700000000000003,301.49,55.77,4.82,30.3,12
1452,2010,32,0.335,300.76,50.82,5.71,28.26,12
1453,2010,33,0.322,299.22,46.18,7.44,26.81,12
1454,2010,34,0.315,297.29,47.15,11.79,29.47,12
1455,2010,35,0.312,295.43,50.76,16.76,33.76,12
1456,2010,36,0.302,293.27,51.24,25.31,38.27,12
1457,2010,37,0.295,291.57,56.19,30.44,43.32,12
1458,2010,38,0.282,289.88,58.36,30.04,44.2,12
1459,2010,39,0.266,287.76,60.16,32.48,46.32,12
1460,2010,40,0.243,284.79,59.37,48.02,53.69,12
1461,2010,41,0.213,282.0,53.22,56.61,54.92,12
1462,2010,42,0.188,280.66,46.94,46.43,46.68,12
1463,2010,43,0.172,279.48,47.7,33.67,40.68,12
1464,2010,44,0.151,277.39,44.91,24.18,34.54,12
1465,2010,45,0.132,275.03,43.34,25.03,34.18,12
1466,2010,46,0.111,271.1,41.46,34.57,38.01,12
1467,2010,47,0.098,266.97,44.99,41.23,43.11,12
1468,2010,48,0.085,263.64,45.44,48.9,47.17,12
1469,2010,49,0.07400000000000001,261.04,42.42,55.11,48.76,12
1470,2010,50,0.071,259.96,42.59,56.68,49.63,12
1471,2010,51,0.068,259.45,42.07,53.22,47.65,12
1472,2010,52,0.064,258.96,40.31,50.4,45.35,12
1473,2011,1,0.059000000000000004,258.56,38.41,48.41,43.41,12
1474,2011,2,0.057,259.04,33.28,48.21,40.75,12
1475,2011,3,0.06,260.67,35.19,43.7,39.44,12
1476,2011,4,0.065,261.86,39.46,42.08,40.77,12
1477,2011,5,0.07,262.97,41.76,43.42,42.59,12
1478,2011,6,0.076,264.29,42.49,43.54,43.02,12
1479,2011,7,0.08800000000000001,265.82,46.06,43.26,44.66,12
1480,2011,8,0.09699999999999999,267.49,48.13,44.0,46.06,12
1481,2011,9,0.10800000000000001,270.04,50.65,41.79,46.22,12
1482,2011,10,0.121,273.14,53.19,38.31,45.75,12
1483,2011,11,0.133,276.13,54.84,31.65,43.24,12
1484,2011,12,0.149,279.01,58.64,31.99,45.32,12
1485,2011,13,0.165,281.58,63.11,31.82,47.47,12
1486,2011,14,0.177,283.95,65.55,28.78,47.17,12
1487,2011,15,0.193,286.73,65.65,21.82,43.74,12
1488,2011,16,0.21,289.29,60.34,17.81,39.08,12
1489,2011,17,0.23199999999999998,291.52,57.25,13.72,35.49,12
1490,2011,18,0.259,293.47,56.48,13.18,34.83,12
1491,2011,19,0.289,294.88,56.95,14.92,35.94,12
1492,2011,20,0.319,296.2,59.54,14.36,36.95,12
1493,2011,21,0.34299999999999997,297.2,61.96,13.48,37.72,12
1494,2011,22,0.359,297.92,64.66,12.78,38.72,12
1495,2011,23,0.365,298.26,63.82,13.72,38.77,12
1496,2011,24,0.36,297.91,57.17,19.9,38.54,12
1497,2011,25,0.35700000000000004,297.59,53.35,27.49,40.42,12
1498,2011,26,0.359,297.6,52.68,30.09,41.39,12
1499,2011,27,0.358,297.38,50.8,34.95,42.88,12
1500,2011,28,0.359,297.29,53.37,38.83,46.1,12
1501,2011,29,0.361,297.11,56.24,44.41,50.33,12
1502,2011,30,0.363,296.69,61.79,50.22,56.0,12
1503,2011,31,0.366,296.24,67.19,53.0,60.09,12
1504,2011,32,0.368,295.73,70.21,53.97,62.09,12
1505,2011,33,0.37,295.26,74.13,48.95,61.54,12
1506,2011,34,0.369,294.89,77.43,39.85,58.64,12
1507,2011,35,0.366,294.46,80.19,28.7,54.45,12
1508,2011,36,0.35700000000000004,293.82,81.45,17.79,49.62,12
1509,2011,37,0.337,292.51,79.57,17.2,48.38,12
1510,2011,38,0.317,290.92,77.62,15.16,46.39,12
1511,2011,39,0.29600000000000004,288.97,77.08,15.28,46.18,12
1512,2011,40,0.26899999999999996,286.57,74.92,22.44,48.68,12
1513,2011,41,0.24600000000000002,284.27,74.11,24.78,49.44,12
1514,2011,42,0.225,282.28,70.18,26.47,48.33,12
1515,2011,43,0.207,280.51,70.37,23.14,46.75,12
1516,2011,44,0.19,278.86,70.73,11.34,41.03,12
1517,2011,45,0.172,277.02,71.39,9.49,40.44,12
1518,2011,46,0.151,274.95,72.26,9.23,40.75,12
1519,2011,47,0.13,272.33,70.75,12.26,41.51,12
1520,2011,48,0.11900000000000001,270.02,71.68,17.75,44.72,12
1521,2011,49,0.113,268.35,71.21,21.21,46.21,12
1522,2011,50,0.107,267.05,67.93,23.83,45.88,12
1523,2011,51,0.10099999999999999,265.74,65.13,24.43,44.78,12
1524,2011,52,0.094,264.4,61.92,25.95,43.93,12
1525,2012,1,0.085,263.04,60.67,29.1,44.89,12
1526,2012,2,0.078,261.61,51.86,35.29,43.58,12
1527,2012,3,0.07200000000000001,259.96,45.0,46.02,45.51,12
1528,2012,4,0.069,259.35,41.72,53.57,47.65,12
1529,2012,5,0.069,259.67,40.64,58.75,49.7,12
1530,2012,6,0.071,260.79,39.68,59.84,49.76,12
1531,2012,7,0.07200000000000001,262.19,36.54,60.56,48.55,12
1532,2012,8,0.076,264.4,36.0,59.11,47.55,12
1533,2012,9,0.08199999999999999,267.04,36.11,56.68,46.39,12
1534,2012,10,0.092,270.17,37.04,53.42,45.23,12
1535,2012,11,0.107,273.65,41.38,44.96,43.17,12
1536,2012,12,0.124,276.65,45.52,44.98,45.25,12
1537,2012,13,0.141,279.77,50.48,42.85,46.67,12
1538,2012,14,0.16,283.06,56.0,34.94,45.47,12
1539,2012,15,0.182,286.13,60.37,27.05,43.71,12
1540,2012,16,0.21100000000000002,288.98,61.69,21.61,41.65,12
1541,2012,17,0.249,291.72,67.18,13.23,40.2,12
1542,2012,18,0.28600000000000003,293.53,71.31,14.02,42.67,12
1543,2012,19,0.316,294.73,70.93,17.6,44.26,12
1544,2012,20,0.33399999999999996,295.27,66.71,25.5,46.11,12
1545,2012,21,0.342,295.4,61.12,33.37,47.24,12
1546,2012,22,0.368,296.33,68.62,29.9,49.26,12
1547,2012,23,0.381,296.85,71.29,28.62,49.96,12
1548,2012,24,0.387,297.13,70.71,29.1,49.91,12
1549,2012,25,0.391,297.43,70.15,29.8,49.97,12
1550,2012,26,0.391,297.64,68.73,29.49,49.11,12
1551,2012,27,0.392,298.35,67.71,23.57,45.64,12
1552,2012,28,0.389,298.7,68.38,23.4,45.89,12
1553,2012,29,0.379,298.75,65.48,26.84,46.16,12
1554,2012,30,0.37200000000000005,298.55,65.66,31.13,48.39,12
1555,2012,31,0.366,298.1,65.52,33.62,49.57,12
1556,2012,32,0.36200000000000004,297.4,64.16,35.62,49.89,12
1557,2012,33,0.355,296.28,62.9,36.49,49.69,12
1558,2012,34,0.34600000000000003,295.12,61.95,36.53,49.24,12
1559,2012,35,0.336,293.91,61.91,35.71,48.81,12
1560,2012,36,0.33299999999999996,293.36,66.62,23.84,45.23,12
1561,2012,37,0.325,292.64,71.3,15.6,43.45,12
1562,2012,38,0.308,291.29,71.51,10.95,41.23,12
1563,2012,39,0.285,289.58,70.12,9.07,39.59,12
1564,2012,40,0.26,287.92,69.09,6.73,37.91,12
1565,2012,41,0.23,286.41,64.14,3.81,33.97,12
1566,2012,42,0.2,284.35,54.83,5.28,30.06,12
1567,2012,43,0.17600000000000002,281.95,52.02,10.05,31.03,12
1568,2012,44,0.157,279.74,50.68,5.75,28.21,12
1569,2012,45,0.142,277.44,52.02,7.63,29.83,12
1570,2012,46,0.127,274.88,55.3,11.23,33.27,12
1571,2012,47,0.109,271.49,54.32,17.69,36.01,12
1572,2012,48,0.09,267.35,48.21,31.25,39.73,12
1573,2012,49,0.073,263.05,39.54,46.39,42.96,12
1574,2012,50,0.062,259.78,33.54,58.27,45.9,12
1575,2012,51,0.053,258.13,27.5,59.56,43.53,12
1576,2012,52,0.05,257.73,24.66,56.5,40.58,12
1577,2013,1,0.048,258.27,23.78,50.32,37.05,12
1578,2013,2,0.046,258.4,20.48,51.39,35.93,12
1579,2013,3,0.044000000000000004,258.16,18.05,55.73,36.89,12
1580,2013,4,0.043,257.82,18.18,60.26,39.22,12
1581,2013,5,0.043,258.22,18.72,64.14,41.43,12
1582,2013,6,0.046,259.29,19.45,65.09,42.27,12
1583,2013,7,0.05,261.04,20.64,63.94,42.29,12
1584,2013,8,0.055999999999999994,262.83,22.18,64.57,43.38,12
1585,2013,9,0.063,264.81,24.12,65.09,44.6,12
1586,2013,10,0.071,266.36,24.72,68.86,46.79,12
1587,2013,11,0.08,268.21,25.69,70.75,48.22,12
1588,2013,12,0.092,270.31,27.54,75.69,51.61,12
1589,2013,13,0.107,273.65,30.84,76.48,53.66,12
1590,2013,14,0.129,277.56,37.34,71.75,54.55,12
1591,2013,15,0.161,282.31,46.97,58.99,52.98,12
1592,2013,16,0.20199999999999999,286.83,56.63,41.07,48.85,12
1593,2013,17,0.245,290.46,65.01,24.79,44.9,12
1594,2013,18,0.289,292.97,72.85,19.61,46.23,12
1595,2013,19,0.321,294.72,74.11,17.76,45.94,12
1596,2013,20,0.344,295.79,71.88,20.21,46.05,12
1597,2013,21,0.36200000000000004,296.67,70.45,20.4,45.43,12
1598,2013,22,0.376,297.51,70.56,18.39,44.48,12
1599,2013,23,0.386,297.96,71.84,17.92,44.88,12
1600,2013,24,0.392,298.29,72.69,17.5,45.09,12
1601,2013,25,0.395,298.5,72.58,18.93,45.75,12
1602,2013,26,0.39399999999999996,298.48,71.29,20.84,46.06,12
1603,2013,27,0.389,298.31,68.41,24.58,46.49,12
1604,2013,28,0.382,298.07,66.77,30.2,48.48,12
1605,2013,29,0.379,298.01,66.33,34.48,50.4,12
1606,2013,30,0.375,298.17,68.56,34.59,51.58,12
1607,2013,31,0.37,298.07,68.37,33.43,50.9,12
1608,2013,32,0.361,297.56,64.8,33.47,49.14,12
1609,2013,33,0.35100000000000003,296.56,61.26,32.84,47.05,12
1610,2013,34,0.336,295.27,56.69,34.39,45.54,12
1611,2013,35,0.315,293.27,50.75,44.18,47.46,12
1612,2013,36,0.294,291.28,46.22,51.28,48.75,12
1613,2013,37,0.27,289.42,42.66,59.24,50.95,12
1614,2013,38,0.253,287.28,42.34,66.78,54.56,12
1615,2013,39,0.23199999999999998,285.78,41.7,60.77,51.24,12
1616,2013,40,0.215,284.01,43.51,59.41,51.46,12
1617,2013,41,0.195,282.81,43.03,45.36,44.2,12
1618,2013,42,0.179,282.49,42.75,24.42,33.58,12
1619,2013,43,0.159,281.05,40.7,19.07,29.88,12
1620,2013,44,0.14,279.23,38.68,11.94,25.31,12
1621,2013,45,0.124,276.96,38.86,13.56,26.21,12
1622,2013,46,0.115,273.84,45.61,17.24,31.42,12
1623,2013,47,0.10400000000000001,270.98,50.65,19.29,34.97,12
1624,2013,48,0.09699999999999999,268.79,54.47,23.34,38.91,12
1625,2013,49,0.091,267.31,54.21,25.37,39.79,12
1626,2013,50,0.08800000000000001,266.39,54.03,26.24,40.13,12
1627,2013,51,0.084,265.22,52.99,26.74,39.86,12
1628,2013,52,0.08199999999999999,264.02,52.49,28.05,40.27,12
1629,2014,1,0.081,262.52,57.42,30.76,44.09,12
1630,2014,2,0.083,261.23,55.65,37.47,46.56,12
1631,2014,3,0.087,260.88,56.27,41.74,49.01,12
1632,2014,4,0.09300000000000001,261.52,61.33,42.37,51.85,12
1633,2014,5,0.10099999999999999,263.27,65.55,40.79,53.17,12
1634,2014,6,0.10800000000000001,265.8,65.95,35.63,50.79,12
1635,2014,7,0.114,268.91,64.77,28.07,46.42,12
1636,2014,8,0.124,272.53,65.9,20.18,43.04,12
1637,2014,9,0.14,276.22,69.27,12.84,41.06,12
1638,2014,10,0.156,279.46,71.9,7.99,39.94,12
1639,2014,11,0.17300000000000001,281.97,74.79,3.36,39.08,12
1640,2014,12,0.188,283.91,78.03,5.51,41.77,12
1641,2014,13,0.20199999999999999,285.42,81.61,8.72,45.17,12
1642,2014,14,0.217,286.85,85.23,9.55,47.39,12
1643,2014,15,0.23800000000000002,288.18,87.6,11.2,49.4,12
1644,2014,16,0.262,289.56,87.42,16.3,51.86,12
1645,2014,17,0.289,290.92,87.32,20.19,53.75,12
1646,2014,18,0.31,291.96,84.13,29.53,56.83,12
1647,2014,19,0.32899999999999996,292.75,79.71,38.79,59.25,12
1648,2014,20,0.341,293.24,71.83,47.71,59.77,12
1649,2014,21,0.353,293.71,67.45,51.5,59.48,12
1650,2014,22,0.354,293.8,61.9,56.64,59.27,12
1651,2014,23,0.364,294.48,62.81,53.28,58.04,12
1652,2014,24,0.37,294.91,62.59,52.44,57.52,12
1653,2014,25,0.37200000000000005,295.49,61.92,51.5,56.71,12
1654,2014,26,0.37,295.96,59.56,48.9,54.23,12
1655,2014,27,0.373,296.7,59.39,42.16,50.77,12
1656,2014,28,0.376,297.26,61.7,38.49,50.1,12
1657,2014,29,0.376,297.95,64.03,35.17,49.6,12
1658,2014,30,0.373,298.27,66.67,33.77,50.22,12
1659,2014,31,0.363,298.19,64.83,32.37,48.6,12
1660,2014,32,0.355,297.88,62.59,30.04,46.31,12
1661,2014,33,0.348,297.1,60.69,26.6,43.64,12
1662,2014,34,0.342,296.0,61.34,25.75,43.54,12
1663,2014,35,0.34,294.96,65.48,22.89,44.19,12
1664,2014,36,0.341,293.8,72.38,18.83,45.61,12
1665,2014,37,0.337,292.62,78.09,16.49,47.29,12
1666,2014,38,0.325,291.15,79.82,12.63,46.22,12
1667,2014,39,0.308,289.07,81.03,14.15,47.59,12
1668,2014,40,0.289,286.9,82.66,17.59,50.12,12
1669,2014,41,0.267,284.87,82.52,17.22,49.87,12
1670,2014,42,0.24,282.48,76.11,24.21,50.16,12
1671,2014,43,0.214,280.15,72.72,26.57,49.64,12
1672,2014,44,0.187,277.76,67.53,20.86,44.2,12
1673,2014,45,0.162,275.05,63.86,24.28,44.07,12
1674,2014,46,0.13699999999999998,271.98,61.58,28.28,44.93,12
1675,2014,47,0.114,268.98,57.87,30.01,43.94,12
1676,2014,48,0.098,266.39,53.98,34.97,44.47,12
1677,2014,49,0.09,264.71,52.16,37.1,44.63,12
1678,2014,50,0.08800000000000001,263.75,53.44,38.72,46.08,12
1679,2014,51,0.08900000000000001,262.87,55.27,37.95,46.61,12
1680,2014,52,0.09,261.73,56.93,38.81,47.87,12
1681,2015,1,0.09,260.55,60.72,40.11,50.42,12
1682,2015,2,0.08800000000000001,259.92,56.43,44.7,50.56,12
1683,2015,3,0.08199999999999999,260.23,50.62,46.07,48.34,12
1684,2015,4,0.083,261.07,50.7,45.61,48.16,12
1685,2015,5,0.083,262.3,49.19,46.24,47.72,12
1686,2015,6,0.084,263.67,46.66,45.96,46.31,12
1687,2015,7,0.091,265.87,46.86,42.56,44.71,12
1688,2015,8,0.10099999999999999,268.53,49.95,38.45,44.2,12
1689,2015,9,0.113,271.05,52.63,36.19,44.41,12
1690,2015,10,0.125,274.42,55.15,30.94,43.05,12
1691,2015,11,0.14400000000000002,277.84,60.63,21.25,40.94,12
1692,2015,12,0.162,280.65,66.01,21.37,43.69,12
1693,2015,13,0.179,283.17,71.87,21.0,46.44,12
1694,2015,14,0.196,284.88,77.38,21.43,49.4,12
1695,2015,15,0.214,286.78,79.43,21.01,50.22,12
1696,2015,16,0.243,289.18,79.81,19.39,49.6,12
1697,2015,17,0.27699999999999997,291.53,82.16,16.17,49.17,12
1698,2015,18,0.308,293.22,82.65,17.91,50.28,12
1699,2015,19,0.33,294.25,79.95,22.55,51.25,12
1700,2015,20,0.35100000000000003,295.55,77.02,22.55,49.78,12
1701,2015,21,0.37,296.9,75.93,18.57,47.25,12
1702,2015,22,0.37799999999999995,297.69,74.15,17.18,45.67,12
1703,2015,23,0.38299999999999995,298.46,72.51,14.0,43.26,12
1704,2015,24,0.38299999999999995,298.8,68.96,13.21,41.09,12
1705,2015,25,0.382,299.03,65.96,13.93,39.94,12
1706,2015,26,0.374,299.22,60.5,13.96,37.23,12
1707,2015,27,0.368,299.33,56.01,14.94,35.48,12
1708,2015,28,0.364,299.53,55.83,15.74,35.79,12
1709,2015,29,0.365,299.69,57.58,17.9,37.74,12
1710,2015,30,0.368,299.94,62.52,17.89,40.2,12
1711,2015,31,0.368,300.09,65.85,14.02,39.94,12
1712,2015,32,0.359,299.92,64.04,11.04,37.54,12
1713,2015,33,0.354,299.51,63.12,6.5,34.81,12
1714,2015,34,0.345,298.58,62.22,5.67,33.94,12
1715,2015,35,0.33399999999999996,297.34,61.48,5.5,33.49,12
1716,2015,36,0.32299999999999995,296.02,61.99,3.27,32.63,12
1717,2015,37,0.313,294.33,65.1,2.82,33.96,12
1718,2015,38,0.306,292.18,70.05,4.16,37.11,12
1719,2015,39,0.294,289.99,74.13,6.02,40.07,12
1720,2015,40,0.275,287.6,77.05,10.65,43.85,12
1721,2015,41,0.25,284.49,76.42,22.59,49.5,12
1722,2015,42,0.22,281.72,67.24,33.14,50.19,12
1723,2015,43,0.18600000000000003,278.58,58.48,41.16,49.82,12
1724,2015,44,0.15,275.4,47.43,40.54,43.99,12
1725,2015,45,0.11699999999999999,272.03,37.22,45.63,41.43,12
1726,2015,46,0.099,268.58,37.08,49.3,43.19,12
1727,2015,47,0.08900000000000001,265.9,41.56,47.47,44.52,12
1728,2015,48,0.085,264.42,46.38,45.88,46.13,12
1729,2015,49,0.08199999999999999,263.78,47.94,42.48,45.21,12
1730,2015,50,0.083,262.95,51.17,42.81,46.99,12
1731,2015,51,0.084,261.36,54.01,44.34,49.18,12
1732,2015,52,0.085,260.33,57.17,44.09,50.63,12
1733,2016,1,0.085,258.93,64.46,45.28,54.87,12
1734,2016,2,0.085,257.65,60.03,49.77,54.9,12
1735,2016,3,0.08800000000000001,257.99,58.99,49.27,54.13,12
1736,2016,4,0.091,259.13,60.57,48.75,54.66,12
1737,2016,5,0.092,261.24,59.72,48.18,53.95,12
1738,2016,6,0.094,264.32,56.29,41.75,49.02,12
1739,2016,7,0.098,267.26,53.33,35.39,44.36,12
1740,2016,8,0.1,269.46,50.38,34.1,42.24,12
1741,2016,9,0.102,271.3,47.85,35.15,41.5,12
1742,2016,10,0.10800000000000001,273.35,47.02,36.38,41.7,12
1743,2016,11,0.11800000000000001,275.76,47.98,32.27,40.12,12
1744,2016,12,0.131,278.72,49.82,31.92,40.87,12
1745,2016,13,0.14300000000000002,281.7,51.48,29.93,40.7,12
1746,2016,14,0.159,284.12,56.36,26.64,41.5,12
1747,2016,15,0.18600000000000003,286.82,64.1,20.47,42.28,12
1748,2016,16,0.217,289.35,66.74,18.36,42.55,12
1749,2016,17,0.248,290.62,67.63,23.12,45.38,12
1750,2016,18,0.26899999999999996,291.18,63.52,37.57,50.54,12
1751,2016,19,0.29,292.24,59.5,44.27,51.88,12
1752,2016,20,0.304,293.12,52.52,49.32,50.92,12
1753,2016,21,0.313,293.6,46.66,53.38,50.02,12
1754,2016,22,0.32299999999999995,294.22,44.95,53.16,49.05,12
1755,2016,23,0.335,295.02,47.39,49.02,48.21,12
1756,2016,24,0.344,295.85,48.87,43.77,46.32,12
1757,2016,25,0.349,296.71,49.03,38.83,43.93,12
1758,2016,26,0.349,297.04,47.48,37.27,42.37,12
1759,2016,27,0.354,297.68,48.65,31.98,40.31,12
1760,2016,28,0.365,298.64,55.79,25.22,40.5,12
1761,2016,29,0.366,298.85,58.37,26.87,42.62,12
1762,2016,30,0.364,298.72,61.31,29.47,45.39,12
1763,2016,31,0.36200000000000004,298.53,63.14,28.97,46.06,12
1764,2016,32,0.359,298.14,63.37,27.9,45.63,12
1765,2016,33,0.355,297.73,63.02,20.12,41.57,12
1766,2016,34,0.35,296.63,64.29,18.17,41.23,12
1767,2016,35,0.34,295.4,64.91,17.06,40.98,12
1768,2016,36,0.33,294.67,66.06,9.73,37.89,12
1769,2016,37,0.306,292.43,62.39,18.78,40.59,12
1770,2016,38,0.275,289.81,54.44,30.11,42.27,12
1771,2016,39,0.22899999999999998,285.76,40.13,59.98,50.05,12
1772,2016,40,0.192,282.04,30.96,81.02,55.99,12
1773,2016,41,0.16399999999999998,279.08,25.61,85.77,55.69,12
1774,2016,42,0.134,274.86,17.91,93.13,55.52,12
1775,2016,43,0.109,271.05,13.22,93.11,53.16,12
1776,2016,44,0.091,268.33,12.36,88.11,50.23,12
1777,2016,45,0.077,265.85,11.91,83.93,47.92,12
1778,2016,46,0.067,263.08,14.61,82.18,48.39,12
1779,2016,47,0.06,260.25,18.17,76.13,47.15,12
1780,2016,48,0.059000000000000004,259.7,25.58,67.69,46.63,12
1781,2016,49,0.062,260.77,32.72,56.09,44.41,12
1782,2016,50,0.061,260.83,34.6,52.82,43.71,12
1783,2016,51,0.061,261.03,36.1,46.17,41.13,12
1784,2016,52,0.062,260.93,37.42,42.0,39.71,12
1785,2017,1,0.066,262.39,43.35,31.31,37.33,12
1786,2017,2,0.07,263.46,43.99,27.56,35.78,12
1787,2017,3,0.076,263.7,45.81,28.67,37.24,12
1788,2017,4,0.08,264.26,47.52,29.66,38.59,12
1789,2017,5,0.083,265.03,47.51,32.91,40.21,12
1790,2017,6,0.085,265.82,45.54,35.58,40.56,12
1791,2017,7,0.086,266.71,42.85,37.94,40.39,12
1792,2017,8,0.08800000000000001,267.7,41.1,41.29,41.19,12
1793,2017,9,0.09,268.47,39.54,45.04,42.29,12
1794,2017,10,0.09300000000000001,269.08,36.8,50.0,43.4,12
